Open,High,Low,Close,Volume
0.004289072893030425,0.003739441290415692,0.004242707422508983,0.004143586594572117,4.3144924063041694e-05
0.0041554281086996145,0.0035744606352884067,0.003648874692283684,0.0036554632120833225,8.140091465623854e-05
0.00366922343329598,0.0031512193806404786,0.0032173424079937076,0.00321556748182891,9.119257226166671e-05
0.0032324006153202564,0.0030850318499322654,0.0032981600792489313,0.0034249200357190585,8.818341480579805e-05
0.0034314717518180065,0.0029265260329173455,0.003347970933041716,0.003275295936498543,5.8882524078191254e-05
0.003298109618025496,0.0028461792995246498,0.0034076140711445956,0.0033247254760247497,5.18945885981061e-05
0.003342519271993587,0.0033513132386032377,0.003393522451595911,0.003823903595017202,0.00011165005611892068
0.0038421122518211915,0.0032719143681094656,0.003770124014564669,0.0036371364687476726,7.041539569865717e-05
0.0036551674575683955,0.003088298194382077,0.003593958720310765,0.003464541106197183,5.955011766962202e-05
0.0034811059110885995,0.0029631558163910983,0.0034510965326826648,0.0033584548533353454,4.429604574865001e-05
0.0033642489380566742,0.0028419067963826004,0.0034112691440200435,0.0032856682147698046,2.5970701389764123e-05
0.0033036163209006937,0.0027601605189443105,0.00306328823050916,0.0029541737516333736,5.04291878978379e-05
0.002969015610184521,0.002529678087440851,0.003031691900031879,0.0029287393892151433,7.574360746125013e-05
0.0029565477318724536,0.0026137575316298716,0.0030498612534682174,0.0030990496261912017,8.20394452744188e-05
0.0031248498206687646,0.0026196195964033556,0.0031606744899931,0.003049649522487892,5.788327067437235e-05
0.003073805579465911,0.0025338486841961147,0.00304235521793522,0.002922877584729323,4.519899243718782e-05
0.0029430851410890586,0.0024200802159861645,0.0028144911533062064,0.002691978461337413,7.119468228532518e-05
0.0027161539020132157,0.0022274815950217948,0.002331591958977857,0.0022372140176495246,0.00011773903394601221
0.0022563838464248016,0.001896675218267199,0.0017789610723098303,0.002113217198701919,0.00022051823293141385
0.002129819820450911,0.0019452769996610173,0.0019792917910009165,0.002255214249780424,0.00020827674903687853
0.002281142040531285,0.0018594331064606196,0.0022499736746602566,0.0023458525827859365,0.00012333337136562452
0.0023632520219076724,0.002079868636241546,0.0023512565275980476,0.0025944548629268935,0.00013910829735622326
0.0026101169184178158,0.00249344213432651,0.002660860097750997,0.0027738023503911333,0.00022146707632319867
0.00278732521696424,0.002381758519488135,0.0027405452956071057,0.002722399252154389,0.00010756471385945236
0.0027379728023007362,0.002266911356598845,0.002785673692231962,0.0027333357925076454,2.117217656121717e-05
0.0027564370393083574,0.002445423755871889,0.0027885889931067672,0.002974474053679561,3.316093795816163e-05
0.0029837542050807258,0.002704880531670612,0.0029812016543830527,0.0031505419376142646,8.35042761124664e-05
0.003188154028970416,0.002915910413455458,0.0033199241254161156,0.00330570133011585,9.28218083503569e-05
0.003325642679435876,0.0027778045640520195,0.0032812895902972097,0.00321522647914212,5.5141378599964224e-05
0.0032301000030061063,0.002727934515399078,0.003044227924252111,0.003033934868790238,6.005045669930722e-05
0.003055519357941546,0.002533571445423331,0.003079252556374735,0.0030517716188893564,2.1900175548031343e-05
0.0030736275639826546,0.002674724696297112,0.003133352705019843,0.0031657964867570984,1.5677565030209543e-05
0.0031816530665894974,0.0026569493744029327,0.003246416138994654,0.0031376612743733677,0.0
0.0031516259765510986,0.002600736209430153,0.003122493497334401,0.003038223441756919,2.9930389029590558e-05
0.003050546701516119,0.002638094912823359,0.0031614903133209108,0.0030920900919407324,2.357614033881058e-05
0.0031054207669198274,0.0025787462351811834,0.003182861197172489,0.003042867961751246,1.6317235372831e-05
0.003058576875783742,0.002527301310096649,0.0027931649784166596,0.002675729434239476,5.8531488950302785e-05
0.002696843525253116,0.0022254109818440043,0.002745710333014706,0.002674661140297723,2.755605808746825e-05
0.002697140217725211,0.002160025352048402,0.0025882131045365142,0.002510330903957886,3.479843704905049e-05
0.002532029271624941,0.002150693130051535,0.0026041317996057882,0.0026206314609409417,1.526640943804796e-05
0.002640233242680647,0.0021421040681679094,0.0026929090488542157,0.0025951821541818553,2.0282621634863417e-05
0.00261704865109028,0.0021618191714594627,0.002736255539837649,0.0026638731376353933,5.5029030263173265e-06
0.0026745494640446395,0.0021304533646201544,0.0024744241869922253,0.002337008250152434,3.498421213296549e-05
0.0023572112725827052,0.002029546016429823,0.002470331242839138,0.0024811568334552996,6.913377556453187e-05
0.002495248917362941,0.0019877252373147816,0.002501595252062547,0.0023775196410584882,1.8893297541045062e-05
0.0024008635680571435,0.001878126920854038,0.002258627854774936,0.002190959924125679,3.06660811563828e-05
0.002214215919242048,0.0017107405629889225,0.0022521487426172856,0.002193082020527143,7.661940021497643e-06
0.002206705296524795,0.001782950805656775,0.002325475127687811,0.0022177447115266594,2.004185484666069e-05
0.0022303351533061073,0.0017503598971457595,0.0023193735066631975,0.0022613427881075718,2.7754940002457016e-05
0.002282611460957965,0.0019195396294158801,0.0024040430624102387,0.002394807073416468,3.961291801977419e-05
0.0024128567384138593,0.0020594829088238526,0.0025209579199597346,0.002540291590220042,3.670605083250289e-05
0.002566627690561628,0.0020560706023877275,0.0025715841361631958,0.0024382715566473086,3.1113422999552376e-05
0.0024528726260013125,0.001972953706297473,0.0025772930557893367,0.002483872627761655,7.467759469828814e-06
0.002500696281743719,0.002214926639168587,0.0026090253568212527,0.002747655641058796,5.2116834864139396e-05
0.002751376054589712,0.002378098789684967,0.0028099902974892134,0.002801967451456576,6.9909358046766e-05
0.0028046910123767036,0.002326974268960634,0.002903237982023766,0.0028134084765284043,2.8277503658745543e-05
0.0028362763041006062,0.003178677144297464,0.0029674271458228056,0.003642419519669457,0.00011359813012003556
0.0037162752356453355,0.0035778582565246892,0.0034679213908380842,0.0036004834349351892,0.000151100192995381
0.0035848273345048427,0.0030260627624557135,0.003221223791182125,0.0032604118258653973,6.745638611820113e-05
0.003306272964181357,0.0028259399790993255,0.0030130846753179037,0.0029386221271086883,2.796009040187236e-05
0.0029363912153598766,0.0026111622563122563,0.0030673659643968127,0.0031129686946921404,1.7070308297351492e-05
0.0031385348175648293,0.002894052160999014,0.003111165997840453,0.0031059348915962078,0.00010144752785244122
0.003130163560195699,0.0026345370894069776,0.0030147310713218253,0.002924747438771501,7.495947704570704e-05
0.0029240121183066346,0.002548197014454327,0.003056703107410607,0.0030042413692282248,3.7090137969186056e-05
0.0030191693210054847,0.002483219900217979,0.0027982097164521934,0.00266716723264697,5.504478695357283e-05
0.0026862753846936677,0.0021311239887462944,0.002606865499129657,0.00256341093838213,6.819977138497146e-05
0.0025931370497018795,0.0022326436652694527,0.0027090545151535936,0.002594158240403855,2.6665078505563002e-05
0.0026164548131804846,0.0023201937116879116,0.0027437468260223473,0.002811597946990833,2.631917213765991e-05
0.002820884532800187,0.0025588130789222707,0.0029475514771550794,0.0029500187720167643,7.127702737620161e-05
0.0029683918765447126,0.0026680607306110195,0.003070114874186116,0.002926973239841325,5.564029297409793e-05
0.00295552357663672,0.002420123826579635,0.0029346683823326778,0.002823424807772019,3.614958037408877e-05
0.002873636001373002,0.002366083181171431,0.0029719132522914985,0.0028427161403810604,8.073409037880558e-06
0.0028568930336691344,0.0024950753065514164,0.0028234924040230563,0.0029432815914438703,4.852926725436357e-05
0.002957497600748763,0.002564529181709441,0.003030257064992627,0.0029290953362427893,2.6957417824729865e-05
0.002947968563290054,0.002490540249836426,0.003047837366331257,0.0029670245261925595,9.345370007366718e-06
0.0029886226794167154,0.002507090470058898,0.0030985848037410548,0.0029848019517870698,1.666399653406499e-05
0.0030034804042673646,0.002512573389672812,0.0031166181866227574,0.003015519365127085,1.8376717438072812e-05
0.003040171524304933,0.0024978165438553452,0.0030634997914738304,0.002921957828478497,2.1157645074591915e-05
0.0029510555238966563,0.002434078771484491,0.0029640140544428943,0.0028417366067668122,2.4546900631599577e-05
0.0028579022410398624,0.0024419090980429227,0.0029337622192465323,0.0029493213694435126,2.640522133297023e-05
0.0029664771909270887,0.0024310602954077786,0.0030121333423525913,0.002918618900444354,3.119283329999272e-06
0.002937964364910388,0.0023996215075753136,0.003047323904643584,0.002923219040274928,1.6442804513139799e-06
0.0029398790505280117,0.0023957864453861485,0.002875311934687367,0.0027275482568672894,3.699582577167706e-05
0.0027458838466139146,0.0022067750182378446,0.002619537032987389,0.002583755620592069,7.693404964007972e-05
0.0026020573013857866,0.002050996198333068,0.0026408931674906685,0.002496886431493809,2.9955178036186576e-05
0.0024853190053427,0.0021818399939113747,0.002526077787488168,0.002558336202514694,7.555441320401154e-05
0.0025816933266255464,0.002059730777196951,0.002685085441415647,0.002588548678277322,3.155677580717776e-05
0.002604670007002644,0.0020509525877395966,0.0026442615499085473,0.00251188919113617,1.6415821536994484e-05
0.0025207486161668577,0.0020645866832781972,0.0026265904478944484,0.0025750448813086366,1.8522317235435644e-05
0.0025895300845793006,0.0020426990604220678,0.0026192803021435527,0.0024817505313601907,3.233862677383846e-05
0.0025051045430237564,0.001955849008529433,0.002349353861667424,0.002210444174589399,7.10912522922866e-05
0.0022257932671722255,0.0017822508111309506,0.0021694731143934707,0.002102325038512415,9.019018461563452e-05
0.002120854725171985,0.0016328587181394837,0.0020045445189580476,0.0019779718196783497,9.47636138670452e-05
0.001993117518277904,0.0015573821310218196,0.0020428619430885157,0.0020736405083875463,5.102697336724539e-05
0.0020887050383026923,0.0017293329160016106,0.002182945261313581,0.0022533887759019974,4.2574776911333216e-05
0.002265690477770841,0.0017191836628862355,0.0022261258221286458,0.002118158341219285,2.64787335594274e-05
0.002139897852224396,0.0017846275884751527,0.002249112681453279,0.0022820284730043017,4.673021222393513e-05
0.002302411493538422,0.0018162701890811882,0.0023877159947599236,0.0023218868415008573,3.0372602112774746e-05
0.0023375593597554922,0.0017937266272987622,0.0022631890907365295,0.002143251700950724,2.615020798925255e-05
0.0021579766155010987,0.001617708041962605,0.0021967497294875615,0.002090928393604339,1.1309115219548037e-05
0.00211145931256712,0.001745358474084256,0.002191750622248329,0.0022232356246439777,2.9906169885215136e-05
0.0022365987617093503,0.0017087140054106607,0.0021313824614931066,0.00204425902854824,2.6414908990720403e-05
0.00206704965859903,0.0015791825326910052,0.0021079420597082663,0.002064677979603642,1.6417816054766576e-05
0.0020899221568866895,0.0015826673751142308,0.0021265041145430755,0.001996877316578034,1.820119987412857e-05
0.002015975521666163,0.0015030789320406735,0.0020821906194117613,0.0019681927864531653,1.8844574321183917e-05
0.0019891844179188226,0.001581588235428837,0.002094847403921195,0.00210851290134417,2.2875209807474827e-05
0.002130502439619531,0.0015851171334515888,0.0021521191233678104,0.0020203082316040157,6.0461811743245995e-06
0.002036161933908753,0.0015180983314310812,0.002145504040655524,0.0020319276830484817,5.544987351308504e-06
0.002047546318490667,0.0015080514297085472,0.0016549024600949415,0.0015281340270257848,7.732981895228515e-05
0.0015473445528882603,0.001100923399336263,0.001300427224160973,0.0012775432438334343,0.00014165216230897353
0.001308940147971679,0.0009713042604236081,0.0014132795580882487,0.0014300760552149825,0.00010841124418815094
0.0014503469509312122,0.0011056333434311958,0.0015282461189108196,0.0016039181380798628,4.938178113637845e-05
0.0016205342825807408,0.0012689656961276758,0.0016850639555329697,0.0017248287242114255,5.400079936543697e-05
0.0017401375860833668,0.001201611804547125,0.0016714102072619241,0.001561774644008875,4.008390914509858e-05
0.0015657050607720512,0.0011575597650681398,0.0016466105608478666,0.0016665249633700053,3.64826648420284e-05
0.0016387317228462803,0.001114003462335352,0.00154742718545707,0.0014348541685593802,2.6640289498966983e-05
0.0014503025603017994,0.0009902170177964959,0.001412599705315072,0.0012992827311898757,3.500729155289972e-05
0.001324702898103618,0.0008818001924139878,0.0014150315041159384,0.0013309792252853246,3.694339844738203e-05
0.0013432269265712653,0.0008245514983492852,0.0007309410588066589,0.0007086941549143827,0.00019070249448198545
0.0006975659012129981,0.00017736027859449263,0.0,0.0,0.00026135059341842387
0.0,0.00025279281011262884,8.136178393233079e-05,0.0004710134707858254,0.00021614570290725288
0.0004775367255624098,0.0001437781190941098,0.0004268353082323151,0.0004450893415604705,9.262093191759605e-05
0.0004591909390608221,0.0,0.00035288945053321523,0.00031395456198975895,5.002002682344841e-05
0.00034365481373672653,0.00010154882441981488,0.00034731627100314253,0.00047835906717505917,6.886935949417432e-05
0.0005131740211170343,7.286595909112171e-05,0.0005408201155587058,0.0005454621011980092,3.631085138251805e-05
0.00053448831771919,5.118259401461992e-05,0.0005081215017546117,0.0004928421713285848,5.16766162987273e-05
0.0005117938349147866,0.00023414238380965431,0.0005996326809854756,0.0007240678059252442,6.841204506214428e-05
0.0007484470747976014,0.00036874848308699783,0.000829535612558315,0.000820656703744082,7.87265512549713e-05
0.0008403979604526004,0.00033704736418461957,0.0008108375871688704,0.0008128362848885801,5.330243321409391e-05
0.0008282713917248442,0.0005319353188032207,0.0008837263314203227,0.0010349506265810021,5.3760602439454835e-05
0.0010457478797014034,0.0006320258583780718,0.0010931792915760295,0.0011220720580385488,7.883511000799524e-05
0.0011455950882873788,0.0014239719855195267,0.0012470670779750749,0.001415221833263548,0.0002874368799623919
0.0014289139773402187,0.0009295853876953534,0.0011953231377207982,0.001266858945839465,0.00010965411369127557
0.0012832175900894848,0.0007991496626702462,0.0008387788447707027,0.0008282097094700356,0.0001095207659316556
0.0008378896634079844,0.00039334819535039815,0.0007431143412421522,0.0008222444267452626,7.493354831466981e-05
0.0008293401640727931,0.0004537904753747846,0.0008205491111897647,0.0007170636650816161,5.895404178687633e-05
0.0007353704107107323,0.000317492908079222,0.0006766143693900154,0.0005840889201504376,4.967383552443501e-05
0.000593265814234769,0.00028934983509625294,0.0006117605630832335,0.000725180706460157,6.614370849305323e-05
0.0007361125948565747,0.00044393314623203525,0.000772520393496969,0.0008922265106769424,7.037094644545051e-05
0.0008988339209010667,0.0004990820792222916,0.0008000689497003302,0.0007295732105246041,9.935299926063262e-05
0.000751252290797116,0.00026724349176368263,0.0007491707923875973,0.0007234147835157461,5.892298429585373e-05
0.0007535379552462596,0.00040354105905924566,0.0006526906959898019,0.0005788504758218126,4.730377854896719e-05
0.0005940970061222403,0.0002738344764566204,0.0006754512450014663,0.0006553471602194034,5.2771321624496404e-05
0.0006788491358798907,0.000270757704586593,0.0007717349907000255,0.0007367849871343607,4.47046369608189e-05
0.000753953551189995,0.00025820274873338597,0.0007486269101690561,0.0006723529143951995,3.199955875258254e-05
0.000690070452843554,0.00017857069506635763,0.000687337606520822,0.0006233535907421025,6.233360968613381e-05
0.0006439537979883061,0.00014692787195729352,0.0006618583377921553,0.0006193322044755634,4.3311038900346065e-05
0.0006357902253496415,0.00017024440925870066,0.0007032717423140974,0.0006096272136664341,3.2161114692122125e-05
0.0006280125794075032,0.00015264397474446358,0.0006963241078893731,0.0006478978591618095,2.647474452388321e-05
0.000668993510219075,0.0004159941085256666,0.0007514209898375267,0.0008506468258291347,0.00010493964354026684
0.0008702468085249404,0.0007010569777830557,0.0009668852312595109,0.0011755381546015562,0.00012485091445907747
0.0011964760353891791,0.0007856757693117454,0.0008484147783815619,0.0008417135064387204,0.00014428293125036501
0.0008598122928193353,0.0004052325270774656,0.0008686229987617251,0.0008271414155282832,6.336620002985771e-05
0.0008389878785203405,0.0004964280631053063,0.0009183430518790417,0.0009720766145907187,6.111353467183312e-05
0.0009927293879037034,0.0004742053506891341,0.000918735753277515,0.0008639873671954447,5.4952469273835934e-05
0.0008833381939940118,0.00045118029235429813,0.0009678517744902567,0.0009227063995691192,3.5205888536778184e-05
0.0009403493511280139,0.0005157637987342621,0.001023839839717689,0.0009745845467015392,5.11796964423657e-05
0.0009923137919599675,0.0006356130521941389,0.0010825164345898233,0.0009857880473255302,1.8149057480943838e-05
0.0010040693818562049,0.0005054251955421297,0.0009415569128923464,0.0008588084738008349,3.8786047937686235e-05
0.0008771783147146009,0.0004138066812582209,0.0009199592578106645,0.0009020648684067343,2.9876252118633733e-05
0.000921751262783745,0.00041077374248469365,0.0009800854370703507,0.0008997351362391441,2.360890741649498e-05
0.000920148217503222,0.0004025931961603225,0.0009669154213318115,0.0008809634591189367,1.5903800331787022e-05
0.0008970974772495024,0.0003788247552092166,0.0009476889544478267,0.0008654711590988587,2.1953457665657276e-05
0.0008837241206905385,0.000655050916712909,0.0009805991292165905,0.0011237043876328886,0.00010855684398551377
0.0011372981172776734,0.0006264554950741867,0.0011775918860206665,0.0011301594371647852,2.2893445398533965e-05
0.0011486231633651687,0.0007280626152873157,0.0011240353891355326,0.0012182898380594769,5.4989225387064506e-05
0.0012387780403913824,0.0009415569406093635,0.0013110144907371442,0.0014478240449865955,9.844691832988151e-05
0.0014568035226827179,0.001080012564772687,0.0014597524499940233,0.001537334306686934,0.00012692749239093723
0.0015598717696947472,0.0010571045430305334,0.0014592237780409168,0.0014095683438320756,0.00010106059140465505
0.0014225615876781502,0.0010198036904245852,0.00140852197142742,0.0014553623328011009,0.00010083093692975399
0.0014650266602986043,0.0009606156599685639,0.0014877540877404568,0.0014040923750556133,6.554649288586634e-05
0.0014159564432077937,0.0009642028537846315,0.001489535993381879,0.0014565936559158216,3.393908482038844e-05
0.0014773908094868398,0.0009642611495779448,0.001526267401653026,0.0014282954143591238,4.6025862519275776e-05
0.0014533306353795893,0.001180700969983549,0.0015463246716716874,0.0016546387780842116,0.00015176465234459848
0.0016767142478272719,0.001287776547113778,0.001785712586493886,0.0016865879673977607,0.00017624764292815799
0.0017013977026087241,0.0012490903906560219,0.001797266396300803,0.001755130413160372,7.992126740045537e-05
0.0017697044630658153,0.0012446723705337162,0.001826038226578746,0.0017250809665707119,7.599292218276183e-05
0.0017398852842406849,0.0012069047065751985,0.0017191672143040157,0.001591275225716211,7.267717885221134e-05
0.001596266197260221,0.001087974613123645,0.0016533016948873202,0.0015400501009932895,4.757702748374402e-05
0.0015514855644606102,0.0010907011652277311,0.0016536035956103245,0.0016069454992501111,1.7254088863494404e-05
0.0016147159393684416,0.0012012762699810274,0.001724423052387083,0.001669270193499257,4.44536126526454e-05
0.0016875940287238217,0.001175801453308832,0.001704622513212258,0.0015937682134861764,4.4399760672798885e-05
0.0016055429328762473,0.0010733049884931213,0.0011834971563460437,0.0011603723657862275,0.00014558107738888766
0.001172327080023103,0.0007657421680467777,0.001164859741559767,0.001229063349239765,0.00013339742311249862
0.001247668849310882,0.0007745497279038173,0.0013238372054149455,0.0012412461570485969,3.5736430264155086e-05
0.0012578809589038186,0.0007358787016519602,0.0012707944006760522,0.0012156632569394403,3.195653415492738e-05
0.0012322471822804508,0.0008459869950526878,0.001330301568224297,0.0013334128885506826,3.5683433077639455e-05
0.0013506628099634868,0.0009560806032535736,0.0013628492316668894,0.0013153089517514236,4.8145749979901e-05
0.0013311001313607053,0.0008059738305364397,0.0010971816655122148,0.0010015325897048946,9.732998837750908e-05
0.0010475289404651834,0.0005462255757711465,0.0009817922132188727,0.0010104659090953093,8.534350642944703e-05
0.0010297769918733916,0.0006215268305028122,0.001108509165006163,0.0010451154955155445,5.64603247095387e-05
0.0010637668515180803,0.0006573547130639544,0.0011131609711846572,0.0010228121989359225,3.236911440264046e-05
0.0010401521690845774,0.0006193540884352096,0.001139773174229572,0.0011084199498083446,2.8853064501549707e-05
0.001125720769347497,0.0006038098044019468,0.001047265261695662,0.000958765735476712,4.497589137782364e-05
0.00097935603134474,0.0005469838660902854,0.0010225561854985063,0.001030187231148053,4.87090587849623e-05
0.001047261690757495,0.0005395177769885527,0.0010757953409366357,0.0009811879074949556,4.774713135659257e-05
0.0009993048631268503,0.000522179896047257,0.0010519472579464564,0.0010264180872407995,4.83318099949263e-05
0.0010418442221067298,0.0006230870217345617,0.0011162269919623969,0.0011114916911423457,5.8006360914021556e-05
0.0011306782514251138,0.00064615569066287,0.0012138397922178742,0.0011310350396812668,4.909941440607205e-05
0.0011487418403540064,0.0006347087998886869,0.0012020744214462863,0.0011217604911746546,1.874541829479983e-05
0.0011408751866702409,0.0007136991548232054,0.0012147913556417528,0.001224166134027338,3.913423375447172e-05
0.0012441810141427478,0.0007300749326717908,0.0012545583641597729,0.0011483969673141158,4.023121852912321e-05
0.0011633323154969675,0.0006426850884334312,0.0012187635395056384,0.0011140883835806716,3.576691789295709e-05
0.0011305296787062625,0.0006141337223942367,0.0010980878285983603,0.0009930297126169957,6.887306359860821e-05
0.0010071418475634066,0.0005014297086698371,0.0010253652449738427,0.0009730559217755595,4.481661488716645e-05
0.0009914529308252874,0.00046608310015807796,0.0009252452859660329,0.0008602182232881929,6.544135330616598e-05
0.0008774901815345047,0.0004054659327537495,0.0009464504701078105,0.0008673410131410366,2.9777096092249652e-05
0.0008851935411172173,0.00037908708627912985,0.0009361800840615095,0.000861420110580016,1.8444531042323994e-05
0.0008765104169281834,0.00036752360391831794,0.0007625069687530713,0.0006897891108735119,7.199419898082443e-05
0.0007104049848393884,0.0001931379683040393,0.0006768256998961179,0.0006092413779570775,7.352484890535112e-05
0.0006260088860482508,0.00017647071148888275,0.0007119561125010772,0.0006786001017315621,4.743370713526357e-05
0.0006979074372801112,0.00026161483266648336,0.0007915205500679842,0.0007489383591202953,5.382585166371333e-05
0.0007670449366590673,0.00025044518066508377,0.0007616913758838276,0.0006644881153759449,4.135840600146641e-05
0.0006821145649353565,0.00018351382233454654,0.0007455913099221833,0.0006715219184718776,2.001478639118227e-05
0.0006910647123492758,0.00021321730905229192,0.0007682009085723464,0.000660303473507031,2.5948476763160793e-05
0.0006785374955427899,0.00021318816115563485,0.0007622200478369346,0.0006903678644375462,3.547429364267993e-05
0.0007083417265029133,0.00034323005582133055,0.000797320039911027,0.0008483021493206882,5.431764276008955e-05
0.0008713452501200999,0.0003817264171962734,0.0009358931631453724,0.0008320827844750548,5.1097636282599555e-05
0.0008483536218779962,0.00036081602763875275,0.0009317096487753847,0.0008660055324991424,3.168841398013594e-05
0.0008768073358830812,0.0003583368989017095,0.0008823820665979725,0.0007889303209669216,4.4261569084303826e-05
0.0008065267777967503,0.0003037422209539926,0.0008280705874467629,0.0007165442360221883,2.2915954956247596e-05
0.0007349104241375836,0.00022183529632954736,0.0006549408934397316,0.0006132627642236165,6.561715580122052e-05
0.0006312929563279755,0.00031459102358913664,0.0007025013193240203,0.000759518726016498,9.305687651635365e-05
0.0007728929491185748,0.000259033797542654,0.0007787128151970509,0.0007086051681574703,4.431997996191513e-05
0.0007227541861626178,0.00022323506287816883,0.0007841650039793545,0.0007079077655842195,3.710352973137012e-05
0.0007242679972187093,0.00040584507791331876,0.0008077715663911303,0.0008613014615708003,7.95072624971908e-05
0.0008763471228271291,0.00039713964694609296,0.0009147937594859296,0.0008009648175142346,3.675819322568762e-05
0.0008229429308157067,0.00034990870670726683,0.0009187509635429484,0.0008432715671875973,1.886508936112545e-05
0.0008606287633246032,0.00045946296756848356,0.000945060804947725,0.0009238193001040317,3.5842994499406945e-05
0.000941907779296322,0.00045068455560810057,0.0010013510013567278,0.0009039347224489122,4.3619619292799974e-05
0.0009195842753234392,0.00040061002667250364,0.0009144162683528915,0.000860945288113747,5.132900034416241e-05
0.0008809483474554306,0.0003605096409693121,0.0008717795897563675,0.0007668790403171804,6.745068749599515e-05
0.0007831791185881325,0.0003991664270273825,0.0008618415249639372,0.0008789452938152394,6.596106765135152e-05
0.0008951232266546558,0.0005037190423240684,0.0009781523506088583,0.0009758310405865223,6.134831790671957e-05
0.0009925660938026495,0.0005260149582364234,0.0010289751479701228,0.0009456923808105434,3.953684141332433e-05
0.0009622869284043717,0.0004715366493723066,0.0010170433861130335,0.0009228993174237978,2.5941638416513618e-05
0.0009410616395438445,0.0004744823669588904,0.0010250029641062372,0.0009505300450889554,4.267621238659969e-05
0.0009684615290659858,0.00045422791632766845,0.0010359225519362804,0.0009350080828165737,3.8089676304115264e-05
0.0009573738369561668,0.0004662288396413629,0.0009595902957740491,0.0008647440942733038,6.059211073998579e-05
0.000880429022387864,0.00038012239286802467,0.0009446683340078206,0.0008729354044973076,5.27097765046718e-05
0.0008914274802732515,0.00039403372717940893,0.0009860211279265948,0.000882966680081778,2.9675090754762574e-05
0.0009016540847655873,0.0003786351826294324,0.0009633661289386985,0.000861420110580016,1.474555536842123e-05
0.0008774009473100737,0.00038341788521449377,0.0009741649564795397,0.0008710508325436815,1.487263464361462e-05
0.0008904180464197205,0.00037153377599045447,0.0009205483099083722,0.0008165313863797759,3.095984513110117e-05
0.0008332734909146772,0.00032692748146892926,0.0009108367858874783,0.0007990062031445525,2.3727153827269097e-05
0.0008162487786037217,0.0003346850495372319,0.0009112142770205164,0.0008297383343960148,2.731016253928014e-05
0.0008478046275632195,0.0003574184064024707,0.0009413153923139438,0.0008494150498556002,2.61975065535622e-05
0.0008671743428177378,0.00042634717441461306,0.0009598168365455846,0.0009236709888425119,6.00874977436461e-05
0.0009408686761955818,0.00042716376052706617,0.0010146569876499025,0.0009017680194542891,2.4761738688765093e-05
0.0009214246745816381,0.0004410604096386078,0.0010164695442807597,0.0009326486883966785,1.5937422202802315e-05
0.0009503829922720875,0.0004271054647337516,0.0009836347294634633,0.0008756213101219525,2.424572844801344e-05
0.0008936390848457735,0.00038658232327751924,0.0009693621999395433,0.0008757102968788635,2.9947484896208503e-05
0.0008930601948009841,0.0003923275739613468,0.0009845109329358753,0.0008781885667373808,3.682002327662252e-05
0.0008959100279127144,0.0003804870753307795,0.0009838612702350001,0.0008800434764387032,2.2552382859505957e-05
0.0008976910886764945,0.0003760832954022588,0.0009699512520372515,0.000875413447926418,2.533160090936327e-05
0.0008934608428797135,0.00036982762277239234,0.0009142955080636904,0.0008197514389752967,2.3318847546210503e-05
0.0008347279634763507,0.0003138182705731832,0.0008764767962725953,0.0007729335362282714,2.512018202552134e-05
0.000791654331563898,0.0002913766151775429,0.0007519346819837669,0.0006651409113560365,5.7487501362166925e-05
0.0006827231242273551,0.000214136024054558,0.0007688957411523889,0.0007078334967387566,4.1441605885673743e-05
0.000724906225757918,0.0002285430951121407,0.0007917166703086532,0.0007088870727690608,3.372966045431861e-05
0.0007254407251732933,0.00021654194929541723,0.0007935896070841116,0.000685886373616188,2.5112488885543267e-05
0.000701425168178259,0.0002076033351549357,0.0007803741910078388,0.0006952053022865521,3.4596135960738137e-05
0.00071405634059138,0.00020397230824236888,0.0007984981441064428,0.0007051032109503595,1.4864656572526245e-05
0.0007228282460392398,0.00021089882750140437,0.0007724146130146346,0.0006644731710350898,2.1095815023657017e-05
0.0006825004916318832,0.00025858189389295653,0.0007752391132139721,0.0007476918652353126,4.9759884719745336e-05
0.0007664957158614871,0.000280308869562929,0.0008521150211361771,0.0007559871065570835,6.39343526637941e-05
0.0007732788758151011,0.0002632188569947325,0.0008533382952107598,0.0007523513295704951,2.8465273260432646e-05
0.0007712008960964229,0.000270582817206651,0.000864771575187042,0.0007657364775299639,2.4223218890299815e-05
0.0007838173471273408,0.00028181098750439245,0.0008730180740963833,0.0007698468505534144,2.3088338277978545e-05
0.0007870084898233811,0.00030506900650945816,0.0008714624787679302,0.0008057578751994882,2.1058489048207835e-05
0.0008244420204895956,0.00033723693676440463,0.0009136610556282486,0.0008226895869592266,1.781198397746002e-05
0.0008389878785203405,0.0003806619627107215,0.0009350775702761283,0.0008713623994075752,3.988331764344803e-05
0.0008886073164087308,0.0005834387621840961,0.0009758565223626282,0.0010801808063268465,0.00010171308364723997
0.001097267055342411,0.0006579670413967803,0.0011322364877071399,0.0010562746159757824,0.0001081137761089987
0.0010765613180322552,0.0005887757198116974,0.0010967587740414427,0.0010521642429523318,7.141977786246146e-05
0.0010708469304265902,0.000572283572879511,0.0010916236962475756,0.00098685656769669,5.143214540609068e-05
0.0010038614706429352,0.000497201038624287,0.0010438971097363513,0.000995849211591712,4.1866438171129685e-05
0.0010123219622364967,0.0004883934787672474,0.0010628518659696329,0.0009770329278783463,1.335281210127928e-05
0.0009955346039032175,0.0005276628156611709,0.0010915029359583744,0.0010222334453718874,3.355898671924945e-05
0.0010394396541859442,0.0005187239790176612,0.0010817460115997465,0.0009822564278661153,2.61969366913416e-05
0.0010001804456437344,0.00047551767354778564,0.0010422055438532628,0.0009261490322716222,3.256856617984982e-05
0.0009420414041501667,0.0004608044383237909,0.0010399401361379005,0.0009600418916139984,2.9115770985245463e-05
0.000975274358266809,0.000466885001070688,0.0010578827183441346,0.0009718390901428805,2.2990891838256255e-05
0.0009893006647471838,0.0005775622347137985,0.0010815044910213434,0.0010815905558142049,4.152594549432227e-05
0.0010992263580722511,0.0005751269390732536,0.0011467055983888628,0.00105222356745694,2.627928178221804e-05
0.0010660674638322304,0.0006626333748982415,0.0011640289384250886,0.0011717241776717374,8.214088074968527e-05
0.0011894854171879024,0.0008185728419891737,0.0012752650664207437,0.0012608784923444295,0.00011003820082795875
0.0012831283558650541,0.0007792743571985927,0.0012726673374515098,0.0011948290343517841,6.016385928120626e-05
0.0012119869366440427,0.0007276398595342745,0.0012476259400004824,0.0011472097979337405,4.455561799013248e-05
0.0011660781930020628,0.0006612333858465919,0.0012383979180535286,0.0011609212306685525,3.738076770169113e-05
0.0011813959044258606,0.000725102435003917,0.0012488946144127988,0.0012284397626531633,2.7654929182742037e-05
0.0012454275754911516,0.0009153825744173992,0.0013168745911833544,0.001392072596419749,0.00010896201602435908
0.0013983528408520489,0.000957903348058264,0.0014512794103131456,0.0013492910242801177,0.00012320486743487962
0.001381358024271106,0.000869230551360939,0.0014094733043927324,0.0013073997725684162,6.537183011525301e-05
0.0013222686609356236,0.0008929992148150722,0.0014027370004741102,0.0013753340289440951,8.851564448040677e-05
0.0013941819335496876,0.0008837248436054639,0.0014435161830191772,0.0013522291722640484,9.797820665343951e-05
0.0013693798017793968,0.0012082610850333766,0.0014694335534840498,0.0015847015271750987,0.0002691898916588383
0.0016027676126067454,0.0012653495769179793,0.0016918753889444914,0.0017066948987304554,0.00010028244454242825
0.0017253690954571492,0.0014970277396934616,0.0018274278917388312,0.0019701219649999506,0.00014386294279378415
0.0019878930129754013,0.0014467781008748945,0.0016538299059232942,0.001690950356351091,0.00015995841628346937
0.0017089527159553893,0.0012309506088021161,0.0017388165726587722,0.0016228381264615892,6.500027994742298e-05
0.0016497451285966752,0.0011886772585282925,0.0017196202958470884,0.001598576215512285,6.14654245930525e-05
0.0016200147310303703,0.0011585659237603775,0.0015666686321479206,0.001483719898862407,0.00012413887161444003
0.0015019999779088671,0.0009995786101930472,0.0015183834140698568,0.001504242554586169,6.176403239664594e-05
0.0015204048764220698,0.001032344406084005,0.0015490735814609915,0.0014364124557376644,5.491343371172495e-05
0.0014526625111103688,0.0009323559953989674,0.0015254819988560829,0.001417314493842115,2.683461251619096e-05
0.0014338417901706268,0.000980636482420475,0.0015322330521230043,0.0014969565091309499,4.785939421405042e-05
0.001513740393457295,0.0010034719681755273,0.001569372372058057,0.0014502427639110985,4.848424813893631e-05
0.0014658728000510818,0.0009614611714746464,0.0015536951975671852,0.001470854179962365,3.839512245435589e-05
0.0014908678951696354,0.000967950249780798,0.0015738580176096156,0.0014534480985951706,3.594898887243821e-05
0.0014710379668591653,0.001130422405771353,0.0015668801931125903,0.0016349176824608748,8.914021347418239e-05
0.0016515112414954482,0.001152003864461069,0.0017292110595787803,0.0016411349811155272,4.202058590180149e-05
0.0016585765990217568,0.0011858194296377363,0.0017549468286927159,0.0017003290623848763,2.8828560426063984e-05
0.0017179327590993217,0.0012546752166567223,0.0017510806557697336,0.0017142481308858159,7.031367529228039e-05
0.0017326863018605329,0.0012382705134145076,0.001841292740057413,0.0017261642048533197,5.5672775120672025e-05
0.001745317700756457,0.0012074591841207665,0.0017711227155229616,0.0016543865357249252,5.3447463149236145e-05
0.001665448540234195,0.001143152694010558,0.0017377592287525583,0.0016266665948734488,4.479467519167341e-05
0.0016445650139235851,0.0011261356624355174,0.0016739627663519912,0.0015810804680999584,5.047420701326515e-05
0.0015998881102478064,0.0010674139983260084,0.0016100455436622216,0.001535835796872071,3.7270214430895085e-05
0.0015369992714070867,0.0010397083662959236,0.0016012401827274728,0.0015508679923373295,3.3643611259008283e-05
0.0015719836170403007,0.0010752736952841253,0.001642079745417141,0.0015302855592501455,4.433394158631979e-05
0.0015485172808428456,0.0010788315187005067,0.001657062317786537,0.0015895090763423927,4.5572252191679625e-05
0.001602277503820782,0.0010757111362370087,0.0016610345016504218,0.0015400052679707234,4.0498483910583755e-05
0.001558625208346343,0.0010232889778538671,0.0016144408494554465,0.0014909615641538736,3.669208920809823e-05
0.001511647692356414,0.0010012117824179535,0.0015836750916542771,0.001505919490773668,0.00010419996237793041
0.0015265054172070632,0.0009944459103450737,0.0013472172270551845,0.0012300872630177646,0.00014992627682094877
0.0012500437479844584,0.0008059738305364397,0.0013435621541797367,0.0012907205295973698,5.093152144529519e-05
0.0013147879339483826,0.0008063970312955368,0.0013757023668755576,0.0012816239546045811,4.29243873836702e-05
0.001297926742221284,0.0008553045318497121,0.0013983269453325862,0.0013694128999536676,5.561664369194311e-05
0.0013907828796403772,0.0008594898138048184,0.0014190940277381578,0.0013099077046792376,5.9552966980725013e-05
0.0013252523453840008,0.0007947311975418838,0.0013794026096301724,0.0012758364189642242,6.203215257143738e-05
0.0012948094329190626,0.0008127254624155328,0.0013588166676584026,0.0012995793537129144,6.0338806982929906e-05
0.0013155448394764286,0.0008010743138617223,0.0013560677578691002,0.0012383080090646666,3.819937478158041e-05
0.0012611758307236906,0.0007394365250683425,0.001291803003660026,0.0011931371538234292,6.782052807716338e-05
0.0012110665105321398,0.0007112204710922176,0.0012929511482417085,0.0011852578633221324,4.4743672522929885e-05
0.0012026952531630094,0.0006745906876184649,0.0005976237736553818,0.0004893399876920671,0.00010323803494956069
0.0007239416354994054,0.00037443543797751125,0.0007741365994285905,0.0007209070778343317,0.00015658283741975607
0.0007421685185293519,0.00037379396174802874,0.0008365586069345068,0.0008495042630419182,7.510906587861406e-05
0.0008676789465031014,0.0003601890141060847,0.0009094321409205265,0.0008082361450580055,4.9176915668073406e-05
0.0008277074495450613,0.00033868053640952536,0.0007732000158115781,0.0007759013464645058,4.9268378554479406e-05
0.0007937769283947907,0.0003058419820284389,0.0008166373074704795,0.0007429434141432187,3.5593679777895245e-05
0.0007601727689638257,0.00023926084346384156,0.0005880180301168231,0.00048067385500179466,0.00015188574806647559
0.0004923496068180398,0.00021275072020275143,0.00042375430764770867,0.0006455975628171158,0.00015720968586241407
0.0006705818341173953,0.00028364819500589734,0.0007354416841650843,0.000708248994700417,7.377843759351731e-05
0.0007295670153634405,0.00024661011847591785,0.0007880014477471718,0.0006924897344096044,4.5562849465039754e-05
0.0007095441237047078,0.00034250091339884867,0.0007463462921882603,0.0007908296108319968,7.243527233956741e-05
0.0008111873409194698,0.0003133808296202998,0.0008430681396230251,0.0007668493780648763,3.199186561260447e-05
0.000786637510991861,0.00029655314812201614,0.000826711112358978,0.0007517281958427072,3.846008674750408e-05
0.0007750452151966784,0.0002949199758971099,0.0008216967948543124,0.0007709450331768778,4.215877749029655e-05
0.0007919956411482085,0.00028412946905528045,0.0008359695548367995,0.0007422310672291115,4.1772695835841284e-05
0.0007589110332676132,0.0002748114872522002,0.0008301548547283229,0.0007594890637641939,3.660176604613342e-05
0.0007781622980160964,0.00026063782187090226,0.0008330547148791274,0.0007283117722987663,3.295920673206987e-05
0.0007468587508992815,0.0002795214313471338,0.0008388542047221698,0.0007745362035703079,4.2875949094919354e-05
0.000791149727878534,0.0003559748067573491,0.0008749813506301754,0.0008445923299180433,4.2046799563949e-05
0.0008604801906057528,0.00045468004248039404,0.0009540927066540102,0.0009161324745986005,5.5730046273842136e-05
0.000935644170893079,0.00044292698753979794,0.0010151252794584086,0.0009162364056963667,4.3530720786386657e-05
0.0009343378180846503,0.0004965157292983048,0.0010295639696092642,0.0009720320079975591,5.973475302909583e-05
0.0009873116927701345,0.00047661127592999375,0.0010015171619836638,0.0008913212459081563,5.049301246654489e-05
0.0009119253063701385,0.0004310718037093871,0.000970857415123396,0.0008959066678272832,4.359710973508635e-05
0.0009118213507635039,0.0004292637441045402,0.0010091895886021642,0.0009200945363605308,3.7924701191252087e-05
0.0009344714429384941,0.0004140254017346626,0.0009551952204393918,0.000847708677845204,3.432858564816729e-05
0.0008660018413459564,0.0003529416454807941,0.0008733049950125208,0.000777711649572669,3.5799400039531185e-05
0.000797235094315717,0.0003019777719426163,0.00085259829275155,0.0007796704903717585,4.297681470796523e-05
0.0007954986506641527,0.0006919285685597605,0.0008807057109803179,0.000774625190327219,3.7791068500521815e-05
0.0007919066334065796,0.00028411478385543826,0.0008441554431429729,0.0007566251846257265,4.054464275045221e-05
0.0007744812730168952,0.0002705536693099935,0.0008671729534570401,0.0007672945382788403,3.7100395489156825e-05
0.0008404572989470201,0.00032987297655248573,0.0009163947551521171,0.0008142609787167923,4.0823875238545314e-05
0.0008306166211512105,0.000313132961247201,0.0008998416076474018,0.0007922690225716585,1.9369702357465133e-05
0.0008089610149647447,0.0003008841695604078,0.0008971380981958321,0.0007880993250436005,2.430499411895565e-05
0.0008062595280890618,0.0002841439317520949,0.0008308494568497987,0.000726857642647656,3.921857336312025e-05
0.0007432073951472891,0.0003011903337268207,0.0008096445031665882,0.0007792846546624014,5.440682619761318e-05
0.0008020888472695031,0.0002931557493887618,0.0008772167987318052,0.0007743136234633252,3.230984873169825e-05
0.0007935096786871034,0.0003487712712285586,0.0008878494656457108,0.0008373212288036798,5.465899023022787e-05
0.0008529401251240933,0.00037469799155045265,0.0009390347743331471,0.0008464472396193658,4.686840381243019e-05
0.0008635379349307523,0.0003451840774124919,0.0009341110270453829,0.0008345164477404137,2.2251780538140416e-05
0.0008496303054392148,0.00033239571588300097,0.0009207898304867748,0.0008110259817804165,2.3550496538883662e-05
0.0008302900329491031,0.00040257873346350804,0.0009206538599321398,0.0009057746878093791,5.356257531779697e-05
0.0009220185124914335,0.0004093301428395725,0.0009729264721395235,0.000869344234103878,4.7802123060880294e-05
0.0008867519692855254,0.0003791745299691011,0.0009684106365156647,0.0008600400233449617,3.940292379148376e-05
0.0008773119395684456,0.0003895425035609179,0.0009682142858164285,0.0008821356841584565,4.152651535654287e-05
0.0008960139835193486,0.00039094227010953893,0.0009831212677757898,0.0008783368779988992,3.921600898312756e-05
0.0008950935574074462,0.000402228736200595,0.0009882715558350913,0.0008996608673936799,3.0111890146851076e-05
0.0009148197565940846,0.00039716879484275047,0.0010033145083490876,0.0008926716708909069,2.0185745057361724e-05
0.0009091200903706236,0.0004178021681305144,0.0009896460107297416,0.0009241901914725328,4.963878899786822e-05
0.0009420264562851606,0.0005133431882935603,0.0010364814139616884,0.0010084774060439153,6.160361618154756e-05
0.0010282036158400774,0.0005096394028908649,0.0010734695530766718,0.0009625645416362683,4.8679425949491186e-05
0.0009822652029508887,0.0004742053506891341,0.0010673375115211915,0.000952696521654172,3.5903399894790355e-05
0.0009737009822334951,0.00047386981612303723,0.0010664765183142134,0.0009768400100236669,3.259193053089434e-05
0.0009921357764767114,0.0004897787826190548,0.001080855058779035,0.0009918275988957661,2.848778281814627e-05
0.0010070082227095632,0.0005178344119120518,0.0010971362651744812,0.0010231237657998163,3.1093762752941735e-05
0.0010386678007928921,0.0005209111837820787,0.0011126475094969841,0.0009972736789905178,3.2692226281719624e-05
0.0010138061040453799,0.0005614781583348112,0.0010911706147045033,0.0010595985996690702,6.34938491672717e-05
0.00107752613477357,0.0006203747098242618,0.001168892305568253,0.0010964148890839289,6.139704112658072e-05
0.001116325130259829,0.0006449746445906907,0.0012163621612356402,0.0011310053774289627,5.5017148635873824e-05
0.0011488161267134318,0.0007933169682964479,0.001244756269921978,0.001257866075515036,8.544209259361051e-05
0.0012742524948105589,0.0009018503852655842,0.0013722436446993451,0.0013731824967197336,0.0001062366499543483
0.0013953696093692777,0.0008739987912491859,0.0013482294010822315,0.001239673378388271,4.7069850107411636e-05
0.0012611015443642656,0.0007741416573506187,0.0013508570896651989,0.001266295136616284,5.51177293178094e-05
0.0012864975140443515,0.0008618519059491779,0.001385232289545514,0.001355716637989118,7.116220013875108e-05
0.001371606127734122,0.0008609040430502543,0.0013944755217579021,0.0013083643618418093,5.6196193570291444e-05
0.0013298979606417138,0.0009446047870857611,0.0014291530832783567,0.0014233837076646546,9.087601379812443e-05
0.001436068116125352,0.0009763056834851116,0.0015410384130577523,0.0014600811216408912,6.703839217939237e-05
0.0014784444074869806,0.0010203724081639387,0.0015857593589358372,0.0015366219597728274,5.706551838781397e-05
0.001551782709898311,0.0012005032944620462,0.0016603850694081137,0.0015666863507033434,0.00011340979065612786
0.0015841842456446797,0.0010727798813472385,0.0016462634902456954,0.0015907259079750722,7.463551037329698e-05
0.0016072352123812023,0.0012318984717010397,0.0017141980666785174,0.001716681794151174,0.00011516126219113636
0.001733725404961274,0.0013794531346879727,0.0018455216547651342,0.0018773914242746848,0.00012791563348145445
0.00189137057193931,0.0015520892289937463,0.0019681606422062045,0.002014461824317865,0.00016691643399697312
0.0020341430662016912,0.0017853858787942913,0.002151167790402498,0.002224586049626728,0.00020626285594928457
0.0022503874877292463,0.0017650878175695965,0.0020803483336257387,0.002019076455630482,0.00012161865594384461
0.0020499062692992363,0.0016877301898539279,0.002120070172264592,0.0021862411352858895,8.857519508245929e-05
0.002212241442164399,0.0022402114382549425,0.0022911607688692296,0.0027168639588733183,0.0002735436390242084
0.0027455572584118076,0.0030063476591641594,0.0028112891619738304,0.0033434969267155494,0.0005705672256443904
0.0033658519833371977,0.004138811975222701,0.0031571705979377205,0.003464377624165401,0.0007350807501088782
0.003431353074829168,0.0034388632850216967,0.003067048853408375,0.003090294506744017,0.00041574418544668574
0.003134052269925366,0.002684611395839546,0.002756584750965582,0.002913944491768316,0.0003327209813222261
0.0029295487169118447,0.0026080561140425437,0.003034607200906685,0.003092193796609093,0.00014449007616755246
0.003078110111622118,0.0025979798419203254,0.0029782264342807815,0.0028975917600020194,0.00013079201303992376
0.002930364960934309,0.0025306553207394607,0.0028905512379006006,0.0029998192029114723,0.00017754009044447465
0.003014375133028921,0.002473916603614741,0.002380255129106094,0.002355230835960909,0.00025610558154003825
0.002418229816435212,0.0018789435069664915,0.001955685459047708,0.001973342244024878,0.00028822328982681743
0.002036161933908753,0.0019445040241420353,0.0021423472192023158,0.0023750117089476677,0.0002067552169078814
0.0023986073463724044,0.0018837411172544219,0.0023344468797080616,0.0023542513023466606,0.00013132027531841827
0.002370792087389332,0.00184388859992433,0.0023932741944831313,0.002297164825996733,9.316515033826731e-05
0.0023177588742094284,0.0017925745066202118,0.0022047844369736656,0.002108112121293958,0.00010912442675722956
0.002120112314543339,0.0017483039691678125,0.0021808457837665866,0.0022651862008602874,0.00011985778168219623
0.0022778467157458073,0.0018463530434615315,0.0023878975961108607,0.0023296329915108967,0.0001284669751798832
0.0023406463203620945,0.001819828457503627,0.0024033936301679306,0.0023221540282009987,0.00010790121750071558
0.002341922777440511,0.001802373984975703,0.0023223339774171704,0.0021968955445981486,0.00011139817701741629
0.0022192030705668756,0.0016731629166162462,0.002125144869913858,0.0021356540886316114,0.0001345966981557475
0.0021550971131421588,0.001697748166182833,0.002236577118150182,0.0022084407271971505,6.349954778947769e-05
0.002227574327936006,0.0016809936881807333,0.0022617090858181106,0.0021729601448535934,4.9933692697027774e-05
0.0021886120383486935,0.0016534046477372768,0.002262177377626617,0.002150849313269837,6.144348489755947e-05
0.0021687821100382235,0.0016233658489564614,0.0022142696506815903,0.0021063314804380985,6.68107322222634e-05
0.002124713992137246,0.0017119656646606305,0.00219391001902279,0.0022274200400834833,0.00010186951082679416
0.0022472855792576374,0.002260582480472793,0.0023669793328852206,0.0025906558303379302,0.00028547370461243124
0.0025969514730721215,0.0022143868468228623,0.0026636237568885995,0.002670164705135508,0.00014036997231262763
0.002675321317437692,0.0021552864825598395,0.002728598323484583,0.0026603562360874265,8.804949718395747e-05
0.0026802341824030936,0.0023361462887774003,0.0027813691871142053,0.0028668150221573966,9.828621718367283e-05
0.0028875139616173296,0.0024881487872923814,0.00300364509240628,0.0029562514678710856,0.00018744771501179455
0.002976229087464073,0.002438103406253442,0.0027949169244443493,0.0027361403471415045,0.00015539467468980887
0.002745141888950875,0.0021945992075442086,0.0026877135909157478,0.002687155967829263,0.0001374676640231211
0.002707827035273497,0.0023118818885770696,0.0028077396391221507,0.002714741862471855,0.0001276500776866557
0.0027364884340090496,0.0022133223923373104,0.002782743642008857,0.0027464537537669727,8.510758347011938e-05
0.0027729870436639624,0.0025963760400951044,0.0028955959759361335,0.003128802450257823,0.00017200615842024575
0.003156435112392669,0.002786291274542803,0.0032559612719300457,0.003126338898310755,0.00020471568002036053
0.0031627136686609176,0.002744878565980962,0.0032306182042145816,0.0032265488552047318,0.0001639528655187523
0.0032484455630248906,0.0029722695404145513,0.003299172253275979,0.003523734734607719,0.00014784172081800062
0.0035258127104943913,0.003082465500008278,0.0035459754029557046,0.003553413289828877,0.00024219893744242626
0.0035784599969777677,0.00302981015845188,0.0036253739103542433,0.0035224884671521423,0.00013170749669731474
0.003538280588806458,0.003502688278579494,0.0036817546769801475,0.004063513457692545,0.0002992615210398041
0.004088264633432702,0.0037529877197612933,0.0036131854176533174,0.003812121567258583,0.00035916828698018754
0.0037813904004407786,0.003353106613008244,0.003847694985525484,0.003793691119254574,0.0001400038358358933
0.0038053169496941857,0.0034327533518751143,0.003910947565707512,0.003948420295883049,0.0003549712517254819
0.003962739257593946,0.0036978390092740647,0.004113664452403161,0.004262107897602074,0.00021998543454964338
0.004279335944358448,0.003696191151849316,0.004113257001656391,0.004107971966019675,0.00029071358773083146
0.0041245109412449315,0.003589042593725931,0.0041888792149731464,0.004124948284372574,0.00011985293785332114
0.00414039236836571,0.0036957390256965907,0.004280737695264748,0.0042368066756751,0.00015473334958280468
0.004254756218700827,0.0037016300158637027,0.004308301461733541,0.004217604556252377,0.00011960875189179484
0.004235193540098045,0.003658817318250211,0.003969578990700478,0.003926205759630933,0.00019801239071946418
0.003947303095664114,0.0033975671680464828,0.003863462960691824,0.0038661661909562195,0.00020436719787522034
0.0038671222948047515,0.0033823871214699198,0.003987370392086643,0.0038354931577799572,0.00012800766623008105
0.003856494815750883,0.003394650598356557,0.004004029320073694,0.0039219914555097156,0.00011752505068217758
0.003951058180539938,0.0035977335619963432,0.0041015667603777044,0.004108728693097534,0.0001460061946054539
0.00412566872133451,0.0035955316720320835,0.00423746679469135,0.004118641772531604,9.449435396781256e-05
0.004139042077893474,0.0035836331001112293,0.003537955905735034,0.003549124716862198,0.00031414062361962255
0.0035565817581958295,0.0030953996010210545,0.0035851233997622844,0.003631468034975345,0.00013584555121218839
0.0036579427778378974,0.0031794211944228164,0.003730085064937379,0.003623395373760558,0.00012458336414650662
0.003639463592965269,0.0032262874521988873,0.00376249721874247,0.00378223514984189,0.00013016203035505247
0.003805732319155119,0.0032467604008035245,0.003784502785488058,0.003687812728588269,0.00011675003806216406
0.003695524881222962,0.003225383199893435,0.0037339212782466287,0.003746383223271018,0.00011420617310941382
0.0037674531017020327,0.003273868389700626,0.003866528981469564,0.00380228320952879,8.651742260387927e-05
0.003825354789217924,0.0032711854481900105,0.00393230370021079,0.003788986821896825,6.89021265718587e-05
0.0038098588358280675,0.0032373698830133434,0.0038241034029205755,0.0037381325885424057,9.60765764233034e-05
0.003757656814535635,0.0032486561266013717,0.003890226114098241,0.0037838378171839273,9.278191799491503e-05
0.0038023038224814015,0.0032437712951264965,0.0038991669846704905,0.0037670544166857056,8.151317751369637e-05
0.0037842993455641247,0.003209853378556988,0.003848797499310866,0.0037246885689371425,8.014522325315045e-05
0.0037569144039069895,0.003602253933511491,0.0038901201031573385,0.0041541816793797684,0.0002326394986918918
0.0041654916455737,0.003663031525598946,0.004174983946123697,0.0040826861412923705,0.0001455383377223428
0.004103819925316979,0.003542089114762917,0.0041591408414644575,0.003999303965060366,7.511761381192303e-05
0.004027454000793464,0.003449770383450155,0.004060395337351299,0.004004942963009797,8.571106756173285e-05
0.00403428155137649,0.0034840816853730196,0.004113317381800992,0.004011427901223405,9.840218414556456e-05
0.004026622808905993,0.0034479187132518355,0.003989998541586746,0.003822405085202341,0.00031254785871305063
0.0038259930177571323,0.003258411549357335,0.00382013121905669,0.0037731535191899562,0.0004786085591064625
0.0037907115266862185,0.003231259949866762,0.0038715128784433625,0.003742510374695405,0.00010836195110606919
0.003760536316894575,0.0031865079158619513,0.0029122396936577502,0.002763488943765665,0.0004200922797788275
0.002793054325952107,0.002607633358289503,0.0027700117280065237,0.0031078346343200967,0.0003260678398967424
0.003120768147590834,0.00261358264424993,0.003150283574116164,0.0030301213447192343,0.00011227718949268899
0.0030403350448887896,0.0025718637715216744,0.0030985244235964536,0.0031023736098844895,0.00013816118634558909
0.003118897852602623,0.0025664102223074458,0.003133367454368143,0.0029982165355694375,0.00011655172600939591
0.0030107532200413355,0.0031137730110542723,0.003097527459834841,0.00359298998014325,0.0003299656974856339
0.0036028612541865257,0.0030789223617917385,0.0035461113735103405,0.0034450718000743176,0.00017786377218577442
0.0034562000501944775,0.0028971289328690412,0.0030776365809016813,0.0030329852238577017,0.00024399229385064868
0.0030507396648643817,0.0026657569342599724,0.00317881342289857,0.0031071666675697423,0.00014341389136395279
0.003134868513947831,0.0028253125205606007,0.003262320084715629,0.0033368788480106857,0.00013936046138883796
0.003345858534442871,0.00277911688691067,0.0032780875989648346,0.003170011243737129,0.00015143470211887214
0.003192755706564323,0.002712754468822514,0.0033086118361876026,0.0031763476442598117,0.00014882644273519428
0.0031993160074396607,0.002699295260663856,0.0033268415697685397,0.003218179118608092,0.0001182744195022642
0.0032394211292515454,0.0026797412495645134,0.0031448913045613257,0.0030002942518071478,0.00015196324932847694
0.00301621553228712,0.0025175458873406857,0.002929170562754072,0.002988200204325821,0.0002285453121707598
0.0029977657901788975,0.002467063065348863,0.0030958962740963527,0.002970111211867417,6.94372271970004e-05
0.0029892758558209293,0.0024587512422380216,0.002965161738107443,0.0028293160480807357,9.112019975965075e-05
0.0028565370027026213,0.002425577375793864,0.0029670044848106006,0.0028929617314897337,0.00013033355888345254
0.002909525825253112,0.0023936575364150448,0.0030419625165367475,0.0029136179805635664,9.819902826392131e-05
0.0029351442010458672,0.0023800528112761293,0.0029683337698260845,0.0028468561756568147,0.0001140260966477048
0.0028687675270370134,0.002622958921846323,0.0029977550323463365,0.0031383736212874744,0.0001805635058531027
0.003146683668821291,0.0026154636848479346,0.003233049542098313,0.0030931882745641962,0.0001080186091181588
0.003112411385121104,0.0025503846642248003,0.0030339121378680747,0.002944394718408189,0.00012347412733411227
0.002962870678770116,0.002466392441222723,0.003071912451010107,0.002945848848059299,8.87894632774042e-05
0.0029664771909270887,0.002451927074371827,0.0030482153183814292,0.002898763758612132,0.00011897734455137206
0.0029169916043753456,0.002413532841886698,0.003041630195282877,0.00293707878427126,0.00014076716628038456
0.0029574083665243316,0.002533644426416488,0.003085202996579279,0.0030204754519853067,0.00022571195720994566
0.0030459903204828366,0.002499333124493623,0.0030945066089362685,0.00299087116560961,0.0001950667729011922
0.003009951923883877,0.0025259306914446845,0.003142852668076067,0.0030592655265401095,0.00017417334444518062
0.0030834976845428705,0.0026266333368493338,0.003218988343080495,0.0031719992939297087,0.00015955324424462406
0.0032065593804492254,0.002850758411839168,0.0033442103101425,0.0034000793712057175,0.00019533517800709391
0.0034237980614825027,0.0028967061771160004,0.003416962853380751,0.0032955364611813075,0.00019419743668642526
0.00333272298482719,0.0028757664171587954,0.003472588637740579,0.003403907839617578,0.00019141254280885078
0.0034251044142909314,0.0030539868924592123,0.003553421519261236,0.0035349977861657243,0.0002201919982073658
0.0035574423928477076,0.0031244033157160024,0.0036871464856178516,0.0036247901789070594,0.00020183958539300153
0.003648844510670733,0.0030822323168350216,0.0037168396892473727,0.003601225670531006,0.00014188637568163937
0.0036320870480674667,0.0033575397633364475,0.003777207850002596,0.003844278165908852,0.0002509602727557685
0.0038721243939945854,0.003445935321260989,0.0038901201031573385,0.003868525585376114,0.00023907467921524116
0.003890173261541274,0.003314683455129485,0.003948116845256297,0.0038529440721697178,0.00022643654842068064
0.003879278532779718,0.003326538416456867,0.0037201172709897825,0.0036004983792760443,0.0002260367786756866
0.0036225131670137387,0.00311789955221001,0.0036610028048400093,0.0036631052045661867,0.00017617041520002252
0.003683086445675301,0.003149527912622258,0.003759295227410095,0.00365700655492075,0.00018487307749913198
0.003677030748485327,0.0032141699372985645,0.003777494540460166,0.0037699038043421318,0.00015834029250808086
0.0037988898207070854,0.003244485529846108,0.0038754094718972134,0.003775349884436884,0.0001025154496538422
0.003794912329718593,0.003265658917982625,0.003810722056675935,0.0037899663555110734,0.0001342562054789401
0.0038077806296265863,0.003350583873677728,0.0039296303808315225,0.0038521873450918587,0.00015608563263228416
0.0038742614857248782,0.0033235493107798397,0.0039390851740085785,0.003813990968441947,0.00019654898453696804
0.00383290980256459,0.003269070779412694,0.0038132746157660013,0.0036487708645329938,0.00019671850715035158
0.0036663883215664527,0.003115318517086179,0.003744131514606897,0.003614076445090193,0.0002694577269025194
0.0036355748832356018,0.0031124753733954647,0.003616175848021023,0.0034551180199996444,0.00024202483313678908
0.0034714880923710657,0.0029094796309426206,0.003360869238129551,0.003301249727976202,0.0003689015109135156
0.003319260394043794,0.0029189582599318557,0.0033871945202583295,0.0034071575544654025,0.00024304032761389503
0.003426603277482017,0.00297743161066221,0.0035462473440649746,0.0035053047394625232,0.0002275113085687288
0.0035261687414609045,0.0029821856103566698,0.0036185168461464203,0.0035001253932091005,0.0001834874461125031
0.003517693754967943,0.0029791088384866432,0.003626249652909521,0.003513302678973035,0.00018263438516275647
0.0035303097530332535,0.003000689852170303,0.0036510949301198797,0.0035470030733195466,0.0002140069871988591
0.003567327914238536,0.0030942185549488743,0.003707913568023423,0.003614655198654229,0.00019391022612724377
0.003632146386561885,0.0030631446720821923,0.0036034135134878228,0.003465282888934186,0.00024731543399282254
0.003484356845244666,0.0029874495869911142,0.0036267935351280618,0.003501505706873561,0.00019491632927495426
0.0035222501360012252,0.002988615947863452,0.0036654428195952676,0.0035367191025169756,0.00025457121611383325
0.0035547114632076193,0.003009716355006813,0.003677283780776888,0.003542536073980229,0.0001734293893161897
0.00356213285170044,0.0030032272767006613,0.0036912845996501047,0.0035452219796048732,0.00016888217372692654
0.0035769905765510885,0.0030515082087282245,0.0037211441943651295,0.003598792007265648,0.00022114651742686776
0.0036164425219587584,0.003044946149428916,0.0035436496150957407,0.0034344767152666668,0.00028215425717744683
0.003448986572914926,0.0029054990517731975,0.0035601578231798576,0.003447772650039818,0.00014961285259961976
0.0034658477646420244,0.002958591834282479,0.00360805033985945,0.003496905567042986,0.00011406741165869815
0.0035106283974416343,0.0029409913997682424,0.0036077484391364464,0.0034902575996564105,0.0001588229658089275
0.0035063832037798472,0.0030132741784231944,0.0036402205121690043,0.003561218764343524,0.0001735194275470442
0.0035810278589996063,0.00302629594562897,0.0037132150369027926,0.003560506417429418,0.00015822119130397584
0.0035849315165942808,0.003017721568945187,0.003684850657371621,0.003536066532966291,0.00017788857258961484
0.003556492523971399,0.0030089723048814607,0.0036859384218087027,0.0035476855315519423,0.0001329073416027842
0.0035692127041261476,0.0030221983298668632,0.003696525688384874,0.003559082176460019,0.00011037043050256748
0.003580716218662506,0.0031652473065384903,0.0037184556647204274,0.0036899647136714444,0.00018610227030896225
0.0037055141317376226,0.0031369582715692103,0.0038027624786827296,0.003652361582067609,0.00017839032487760713
0.003672206664778751,0.0031274217917927156,0.003642485919884367,0.003537876609645047,0.00019801838567002486
0.0035613315555429806,0.002990803597633925,0.003639691840215897,0.0035126501094223505,0.0001712992443355937
0.003537924104874338,0.003013186512230196,0.0036813919351954085,0.0035410375641653667,0.00015471938795840002
0.003560233113947821,0.003010328683339639,0.0036900613255755224,0.0035593045301375945,0.00012913399890909335
0.0035849016208642677,0.0030673148238313996,0.003729194112116668,0.00360253126249119,0.00011330750038753047
0.003625734205439792,0.0030600091594127953,0.003748450769072953,0.0036029913670460115,9.157437994946749e-05
0.003627604500428004,0.003071135200820723,0.003747001184685401,0.0036110047037561915,0.00012742042321175465
0.0036234186452606355,0.0030990450906304354,0.0037623008680432346,0.003649379053919926,0.00015615202158098386
0.003671909972306657,0.0031029825042124424,0.003794244269122685,0.00364022315442253,0.00015151619241641768
0.00366205434664584,0.0030902962715727653,0.0037608508227385483,0.003630310527847274,0.0001480047014130917
0.003651471711186991,0.0031151436297062367,0.003747514646373074,0.0035947556766582544,0.000163949731276539
0.0036203611274184385,0.0030499622576902613,0.0037003923222249913,0.003580836608157315,0.0001250224429874775
0.0036022678692423362,0.0030724768940790584,0.0037418052658297987,0.00361278534461205,0.00019251094084180937
0.003636109382650978,0.003076910044407264,0.003761077133051518,0.003626422734930806,0.0001277429652286132
0.0036505213893450756,0.0031430828899156344,0.003795965794619507,0.003666592670291257,0.000184675905170805
0.0036919179161003833,0.0031340563870791245,0.003797068308404888,0.0036449867762848856,0.00017992211452657502
0.0036667298576335662,0.0031152895916925502,0.0037985335639750084,0.003653118762004282,0.00011216720608411352
0.0036740325691375503,0.0031817396759737044,0.003819889698478287,0.0037337108750844688,0.00013929407244013826
0.003750443337256084,0.0032210670861579143,0.0038887156886489543,0.0037464574921164803,9.538989244748259e-05
0.003766191139523016,0.003202781342317695,0.0038448405257124137,0.003699372402669314,0.00013167045565297585
0.0037212918297345673,0.003172202751191156,0.0038600494083947784,0.0037170610679363196,0.00014177126351307855
0.003737500298023058,0.003270572674851129,0.003875424682162647,0.0038197191795776957,0.00013362109403408342
0.0038357743570585235,0.0033731421206599967,0.003970605914075824,0.003906974204385313,0.00019083410986045482
0.003926196257309621,0.0034824195877544845,0.004069472178478185,0.004026222345811419,0.00017748397041299013
0.004048975755643282,0.0034716580063062835,0.004117772606821682,0.003971495263881386,0.0001506995798543005
0.003992172509722549,0.003478540914971847,0.004120506306345551,0.004038939979879347,0.00012699616078851931
0.0040619187948763074,0.0036223771073562432,0.0041899365588793595,0.004161705022853419,0.0001774660083557969
0.004188987877501168,0.0037167806920405813,0.004260378524523082,0.004204308621479226,0.00023129918274904492
0.004226495694526809,0.0037363934439392935,0.0043816430570694995,0.004273504089651336,0.0002081630729211136
0.004294980017501549,0.00372347402812636,0.004117531086243279,0.003955914203533802,0.0002497430470525708
0.003979956933253165,0.0034678812399104317,0.0040044976118822,0.004020078863143414,0.00019418093347651672
0.0040448197962059266,0.003552937917398061,0.004145970595267352,0.004110390684944179,0.0001235003409962598
0.004130462909311074,0.00355589809768146,0.0041713440835136825,0.004009795345199657,0.00018066920389777922
0.004031105356545456,0.0035105773459372953,0.004174818015955329,0.004062578757100863,9.900082440830294e-05
0.00408229817046716,0.0035100816091910986,0.004081917402022947,0.003955647016833661,0.0002456460340148246
0.003975340760759858,0.0034904248016928586,0.004094619356411547,0.004039266038225282,0.00015230089269418137
0.004056323310742285,0.003479940459017441,0.004140125705086576,0.003986111734955576,0.00012677362959137572
0.004004788960753468,0.003452643342546611,0.004143946708130392,0.004004720609332221,0.0001268690815133259
0.004023060234412826,0.003640298391236736,0.004161844120457458,0.004177256647378104,0.00019056828053179016
0.004196676515701677,0.0036300908423280475,0.004316744080883551,0.004161423344671234,9.245994584027706e-05
0.004178716429413813,0.003611746802694513,0.004296490460165654,0.004161601318185058,9.801752714666079e-05
0.004175406609728935,0.003656425855706167,0.0043047671491472945,0.004190315284132824,0.00014126465599896676
0.004209723284058534,0.003648376586168266,0.004190329260277832,0.004048036102013322,0.0001511318203486242
0.004066431238245783,0.0035411554920577806,0.00421917668096581,0.0040752366138053706,0.00012733750825865762
0.004089927017207644,0.003546594801078222,0.004194799695563956,0.00410547897824971,0.00015367682502581567
0.004125594434975085,0.0035773042239851784,0.0042582790469760864,0.004118894014890889,0.0001565138840910637
0.004140036337399195,0.0035741108605285227,0.004278411907404784,0.0041189085063729316,8.91675668607711e-05
0.0041390864685228864,0.0036011747938260964,0.00428857651296875,0.004147058663097517,6.439280682026533e-05
0.004166204160472333,0.0035940008512000193,0.004250606620357587,0.004096530940947847,0.00015174556196020843
0.004113111608798011,0.003548388175483228,0.004260574875222318,0.0040908919429984165,0.00016578924652462993
0.004108391707180873,0.003561890994235358,0.004255953259116124,0.004103297557343638,0.0002306104928582076
0.004120755403403503,0.003541986763370076,0.004035686030695576,0.0038672938094025796,0.0002567594870409303
0.0038724210864666793,0.00338772407909752,0.004015659181207781,0.0039260721662808615,0.00021675659520773412
0.003949202833416733,0.0033836998893346263,0.004080860058116732,0.003933669778599975,0.00010499064620901038
0.003952942970427549,0.003378581429680439,0.004040519207766439,0.003876316115549906,9.614439002755458e-05
0.003895501495967608,0.0033919676568459406,0.004037317216434064,0.003948019515832837,0.00012727282889661972
0.003968869241143345,0.0034321410235422884,0.004114449855200106,0.003975115870097711,0.000170584067248743
0.003995156194170927,0.0034787740981451036,0.0041466504480405265,0.004028804546767702,0.00016901096258878172
0.004048738401665607,0.003527565452118707,0.0041743497241468214,0.004084971266866803,0.00016893346132678037
0.004105868235788446,0.003884895969825151,0.004259305970351433,0.004382943762029359,0.00045265986009703564
0.004395421063997321,0.004691628758189813,0.004548957820509488,0.005222490565473456,0.0004994398953749176
0.005203580556321803,0.004990369333579275,0.005145237559801086,0.005165997334169606,0.0004069455127606499
0.005218334552048621,0.004850221796391675,0.005308111847568683,0.005279236491995406,0.00023376926194147208
0.005303234801559516,0.004883307996642832,0.005273358695638195,0.005242464356314893,0.0003776346722386715
0.005257459909254184,0.0048317175545780425,0.0053484826575327105,0.005324584867891653,0.00022836439231296428
0.005337729944337978,0.004791937573235049,0.005460881909916913,0.0053401958169209465,0.00015518382566818756
0.005355051349121028,0.005291894756866136,0.005518908611629606,0.005803507517860485,0.0003308204908165312
0.005830361748728713,0.005517827891460818,0.005931501349951735,0.005855934982734044,0.0002536192498770796
0.005883839774133954,0.005411029108097319,0.006006111850158577,0.005889323357357848,0.00017939127647084342
0.005903046421770222,0.005464428054773013,0.006088032496116315,0.006046026092696862,0.00018869370735988806
0.006063986913533738,0.005519679116653083,0.005980979882490647,0.005913362914629575,0.00029021780759891103
0.0059411181809756455,0.005411481234250044,0.006065800619057758,0.005988272102455394,0.0002118497851600291
0.006015866565319235,0.005402207308046492,0.006032890213830426,0.005884174352644949,0.0001863062809839364
0.005921377033924,0.005357353367654897,0.006068745879546297,0.005926317393857123,0.00017402831451003838
0.005963486528543547,0.005765488001725473,0.006149533591187787,0.006360470421493744,0.00021780826453860364
0.006423761187817325,0.00689891397587067,0.006577939474555422,0.007340708684056162,0.0007726488942073242
0.0073435676427706315,0.007353288299190706,0.007445595699627834,0.007809510845254206,0.0006763707176262398
0.007831153410307726,0.0071855957771591785,0.007420177041502336,0.007530280817818365,0.0005150968370913637
0.007551826733625582,0.0070660084097631595,0.007567539624030296,0.007662498382812872,0.0002658670250505303
0.007712692939029671,0.008194929142599105,0.007929446226921495,0.008728537087672983,0.0007571172765904321
0.008780838382580581,0.008218756546852609,0.00823201159243282,0.00847034869216152,0.0010183620864848463
0.008487975281721221,0.008257165019531524,0.008494401576845084,0.008578942424275366,0.000703219753355234
0.008605708290235638,0.00809138246349163,0.00867109508213496,0.008691038566455136,0.00037118095979590826
0.008713155355763297,0.00805438822005815,0.008476246972757047,0.008296981658192315,0.0004803837027181147
0.008296904423761083,0.007643162573923758,0.007061714411439048,0.0072497139511641905,0.0008662744305349907
0.007258384742721435,0.006808884800715167,0.006282578243854092,0.006203011411935685,0.0007421840598941457
0.006242070341631438,0.006089367859221033,0.0058393861388162955,0.006616447960276238,0.0007053396408158593
0.006659627626442081,0.0068534619473400345,0.006853318103813856,0.007229636908513207,0.0006222964459247011
0.007248974835217171,0.006999340272514646,0.007174823476210162,0.007227024818875211,0.00034402989708999694
0.007258623002630323,0.0066238397125425,0.00672738724619921,0.006696431883969492,0.0002943635552537628
0.006715644071104756,0.006467740488277524,0.006781607694216384,0.007080888185379766,0.0003311453122822722
0.0071424183000714,0.006525674046662152,0.007042125433228892,0.006958107292347212,0.00037744944422248825
0.006934916567710101,0.006313273546225342,0.0068988097031405845,0.006852585754426181,0.00038904901251725295
0.0068825066352044,0.00676124601242617,0.007024529460707694,0.007348914485762208,0.0003791448071232566
0.0073563476143854055,0.006918016305823341,0.0075227283383938765,0.007392824582065827,0.00036618331371023993
0.0074189692035184366,0.007173901018011896,0.00762550640651552,0.00779950991121026,0.00030327904969502126
0.00783804029938517,0.007192361649232058,0.007211825903756311,0.007131178156652191,0.00035216752960013894
0.007152838320877605,0.0068816780013161594,0.007234466153395907,0.007502130208234965,0.0002453081057180099
0.007515075822127989,0.0068791850773913844,0.007454340219500848,0.0073087006230968185,0.0003549142655034221
0.007325222535717453,0.00685595576127692,0.007535174022855773,0.007408182835877021,0.00036769340300584743
0.007439096277266607,0.0068637424772418805,0.006650359696539801,0.006862557705506044,0.000718529124706093
0.006883946159901067,0.006634440646804546,0.007022400023546966,0.007247800169817074,0.0003876642473211994
0.007265345918158305,0.006629730702709613,0.0069760631021958276,0.007016856666261411,0.0004975507793191459
0.007031053082049667,0.006424271406731678,0.007094850666062214,0.006993113278653906,0.0002752931160414448
0.006999660753674026,0.006531230392275279,0.0071509747018442815,0.0069678718340903546,0.0002906167111533298
0.006996677522191254,0.00675914558384264,0.007178145766914603,0.007218537338986983,0.00037684539026865415
0.007241790800702024,0.006663503102298863,0.0072942756825842905,0.007068912786907654,0.0003576866452066323
0.007065547318896915,0.0065789564017512195,0.007270940369906083,0.007122482361709615,0.00026383717582075965
0.007158285685258384,0.006639836790237571,0.0073633275221507925,0.007199305330882548,0.0002158596320725126
0.007226710669738705,0.006630839657800747,0.0073677679978231825,0.0071623855632287365,0.0001265539477053351
0.0072001714148684426,0.006862765243943272,0.007407927707739676,0.007439760680963255,0.0001951588170470632
0.00746461092393553,0.006850953893209362,0.007508093297543785,0.0073454872502593735,0.00018107494579884515
0.007359656981104677,0.006730244220540532,0.00749309597582609,0.007341896079865944,0.00015753479225926533
0.007360667094406618,0.00672517026149193,0.007428574029856045,0.0072353646667901415,0.0002527960952966699
0.007248188486924718,0.006627324999971781,0.007384094604556364,0.007225378224228236,0.0001555075074094873
0.00724364614782523,0.006632633032205753,0.007177284773707625,0.007011796421876016,0.00036543677140676747
0.007032938324902884,0.006483649454773541,0.007204501008657115,0.00708505810933723,0.00018126641950496613
0.00710246129801276,0.006581989563027774,0.007268977784747993,0.00717007148301654,0.00031989053342545813
0.0071893364775669115,0.006563295748634356,0.007278069836140311,0.00706340692944948,0.00020589670807530584
0.0070848880443526345,0.006481592636783483,0.007164553320622427,0.0070290838542339945,0.0006246272279959253
0.0070463116814618474,0.006499543291063659,0.007203338575644267,0.007067191017697589,0.0004033097917932335
0.007088836092576721,0.006501569848641921,0.007294637963451894,0.007077325997950419,0.00022940894976332073
0.0070980240469339225,0.0065045015485377475,0.007299078439124286,0.0071063669279617485,0.00015611070656999047
0.007126240180478528,0.006510728073270957,0.007290363417947872,0.007077504424323056,9.272094273731103e-05
0.00709786007338446,0.006467885560251725,0.006839619646580777,0.006626895413110592,0.00029890250784082726
0.006645185271052365,0.006042588822631905,0.006560494682854292,0.0063537182965799945,0.0003304415324398334
0.006374972262367998,0.005849071709168296,0.0054345414175227015,0.005481065702411905,0.0009260785984811775
0.005517935969266574,0.005273258793259976,0.005588791945706486,0.005761378968130353,0.0005757529718518337
0.005780251975571555,0.005362733490869912,0.005954745401037338,0.005938471218701872,0.00034014343674551735
0.005957653237466242,0.0053450169097751035,0.006018255172980335,0.0058903033438309094,0.00017156650971705424
0.005909399717363504,0.005492513276968723,0.006010507155951802,0.006079281326829408,0.00021336418261402434
0.006098511046110999,0.005625457056124503,0.006272504438965593,0.006152171670063307,0.00021792622601826746
0.00617220583245445,0.005559561449388916,0.00629109691433127,0.006127894814773148,0.0001575085785971178
0.006147002826122626,0.005531811761759304,0.006241951163963363,0.006079622782375012,0.0002459340879700926
0.006096685594717806,0.005661489196465272,0.006265783345312406,0.00614346138363869,0.00027635590908286036
0.006163122060186686,0.005625879811877543,0.006307302760775249,0.006099195340307423,0.0001954622572822873
0.006113754244692568,0.00551459002739858,0.006227118850579767,0.0060760316119815826,0.00018037116595640638
0.0060923661146965935,0.0055126070804137894,0.006244759992980131,0.006046783272633534,0.0001072720896091752
0.0060661240052640305,0.005452704815238157,0.005939702909440476,0.005822487736464446,0.00015653126488879193
0.005842072721512734,0.005276467286922531,0.005916428437824004,0.005774511873730535,0.00014630565720237824
0.005793818295478782,0.005395426305767713,0.005968927821261492,0.00592585819501993,0.00014956213486198652
0.005949934703535721,0.0053831192182876055,0.006040124769171288,0.005863191592366366,0.00013827259440971602
0.005889761846470084,0.00533788613273644,0.006070331434488483,0.005879544324132664,0.00015381159744098713
0.005899142764175548,0.00534438945123638,0.006081689354513298,0.005899013630255528,0.00012741273007177656
0.005925043337540999,0.005411175070083631,0.006100945550552449,0.005989043773874108,0.00011222533203061454
0.006011948412825162,0.005430715285995242,0.006172853232683425,0.005983270729715792,9.227445568747235e-05
0.006002626380648511,0.005493271567287862,0.006178531731778698,0.006064070704991513,0.00019070276801585133
0.006083668269125357,0.005508232670884955,0.006194238865883304,0.006014537007938133,0.00022633397322097297
0.006033811250776487,0.005422432833284085,0.006167370162453119,0.00596656205092185,0.00014364411570107446
0.005985839475280836,0.005376659510381139,0.006096565915941793,0.005930635855505514,0.0003710242704797326
0.005949816026546882,0.005379167564511813,0.006122105334356493,0.00595868230756174,0.00012235577272618834
0.005975034433709318,0.005367822580124415,0.005997835622094069,0.0058146822619498,0.00015324657904926405
0.005832217095851918,0.0052831459378084675,0.006014600100104888,0.005873519490473876,0.0002290476571154615
0.00589516482022145,0.005315809382306583,0.006070860567358725,0.005876413258294053,0.0002977057971775711
0.005895803501726264,0.005346124974854127,0.006080662431137952,0.005926807387093653,0.00018357493136060934
0.005947411685108901,0.005338892736434734,0.006073533886737993,0.005896668727317674,0.0001992418570631603
0.005917058459834001,0.005316289988846883,0.006045924950390032,0.005849642962375116,0.00020232624772939235
0.005870510808204404,0.005306549696296818,0.006030775526017999,0.005897633316591067,0.00021083827971846733
0.005917191631722238,0.0056544314004197665,0.0060797866885826755,0.00623411375526743,0.00043622790576057605
0.006259095506908,0.00583432865853856,0.006424021728542643,0.006388768663050442,0.0002622173310614649
0.006413459843999959,0.005793761906488858,0.006505488832040175,0.0063584379911374115,0.00021806413267565222
0.0063765902555135276,0.0058196452387203074,0.00654851821203517,0.00641550907028767,0.00020690139796470923
0.0064369560759274256,0.005873816715908926,0.006600201772144846,0.006476469300930838,0.0001969382004336366
0.0064972476099819,0.006081245608689976,0.006680717542677066,0.006651156871201082,0.00023021986370323197
0.0066711601307772395,0.006052956573720694,0.006777665930883367,0.006599887819173221,0.00016707115158986552
0.006620323800787655,0.006027656199422384,0.006809866523723788,0.006609502917507811,0.00011141441809070333
0.006627700798651065,0.006081945158209744,0.006479269099935164,0.006360351772484528,0.00019288761976962477
0.006383997149106949,0.0057850709382184454,0.0065533513891060345,0.006382966635928043,0.00019061245625113095
0.006399137071530292,0.00582493814074838,0.006576217488141465,0.00639777693057454,0.00023081138068821287
0.00641124846591024,0.00583600633136905,0.0065986457158992585,0.006419189906726233,0.00011956601222524996
0.006437178935005702,0.005823377949516631,0.006579691881500246,0.006366822219216094,0.00015258069504449508
0.0063875737655339085,0.0057967656973657265,0.006573347818062961,0.006364121369250596,0.00016824848693762135
0.006387158849038582,0.005776336359354562,0.006550043847749891,0.006349445120812983,8.897181918799562e-05
0.006373280888794255,0.005809846205370872,0.006560072482759222,0.006407170128090368,0.00012185030493651775
0.006426536055121221,0.005821132448958899,0.006596531949921099,0.006397568615520193,0.00013927954095351301
0.006417378902425244,0.005800615889760791,0.006591517171499299,0.006383991002564858,0.00019032351331079884
0.006333279496106203,0.005714042631634884,0.006409446606920019,0.006218339777065169,0.00021900269575297744
0.006239636104463444,0.005639659869402458,0.00641443096481095,0.0062057113561835575,0.00017429444016705772
0.006223605651658211,0.0057084578056341845,0.006407981812267033,0.006302819683061822,0.0001286533201260188
0.0063239728647601625,0.005728507998485781,0.0065025131510207685,0.006299599856895708,8.389776597578944e-05
0.006320826565659142,0.005711023710552116,0.006467262208585175,0.006272903829822233,7.996087282478695e-05
0.006292001646339733,0.005780463345516355,0.0064768981421960345,0.006379999504980031,0.0001516951291536855
0.0063990917749696665,0.005781994166348418,0.006533701569834143,0.006352145970778484,0.00012396734308604
0.006372686597918853,0.005757817877347143,0.006541208066284275,0.0063308072634722535,0.00012197339517616696
0.006354519053383326,0.005761229293771155,0.006544848389811423,0.006345126659164592,0.00014173621698651177
0.006364850292930705,0.00580367753142492,0.006534185532825218,0.006405106903334698,0.00014305772747607892
0.006427397595704311,0.005883907673230987,0.006621588327178993,0.0064681439444979495,0.0001437261758608406
0.006487050448253971,0.005865942778757023,0.006617857663893511,0.006422276592401089,9.49824409597549e-05
0.0064428192627347435,0.005844988333599976,0.006629532694906763,0.006440691643205428,0.0001164904658206816
0.00645890860106879,0.005837493541607643,0.006614791643115771,0.006412066437585167,0.00012504780185629413
0.006431687179995511,0.005863157930859623,0.006616875910397332,0.006446300752473148,0.0001771215380406897
0.006465112418012008,0.005863230021840669,0.0066448471276128965,0.006453868928969365,0.00014502289734381175
0.006467160728483475,0.005922914234048943,0.006650163345840565,0.006514709604885689,0.0001657069014337535
0.006537412070288204,0.005951159658424753,0.00673353403710299,0.006544195242252169,0.00010380419306572499
0.00656458910073207,0.005941666789241731,0.006722448058187445,0.006509234541826853,9.496420536869576e-05
0.0065297089371882935,0.005972580469928313,0.006716256097404498,0.006542504267441442,0.00017542220889886593
0.006565568412372785,0.006275331439892938,0.0067510387480315855,0.006870125882002261,0.00027830768718840914
0.006886662141676149,0.006264496432445525,0.007014818858521069,0.006797710134805223,0.000246338986475072
0.006814809113487716,0.006227983685564457,0.007000681608176082,0.006806524578757014,0.00015872409471365373
0.006829324849305647,0.006263738142126387,0.0070305711625048405,0.006859826966858834,0.0001488196043885471
0.006878350222801438,0.006275651844253138,0.007036340923192717,0.006834125417740462,9.437154865927365e-05
0.006860123792737098,0.006287259382213476,0.007059161852348981,0.0068784204440358095,9.796937378902024e-05
0.0069007185703693396,0.006278947559102634,0.0070555676205352694,0.006842242459119002,0.00014858881018920485
0.006864992267073087,0.006255733373194069,0.007015286228495307,0.006823946057323877,0.00016991049010399594
0.006846037468313895,0.006228581773703496,0.006894716758987498,0.006713541795672462,0.00018083758678672158
0.006735147864178725,0.006127134633167438,0.006898417001742112,0.006718542262694435,0.000145436617315966
0.006737552205616706,0.0061588795851663155,0.006935208329240727,0.006747790602042485,0.00014256935555302628
0.006771853479115694,0.006510348928111387,0.006967771202948753,0.007110848418783108,0.00020697944629444236
0.0071352786561856675,0.006553103329931566,0.007285485070997841,0.007107538926571861,0.00013836263264057055
0.007128451558568247,0.006496568870586474,0.007265986432546018,0.00705842095390955,0.00016042655809769078
0.007081563276802749,0.006601150633779817,0.007282645821450204,0.007115211260595252,0.00024066486834457596
0.007136124795938145,0.006824313160670885,0.007342756790444455,0.007422621786296201,0.00023638606925845894
0.0074409362235592,0.006953596320011385,0.007650290842664144,0.007571147702893253,0.0002569814369786088
0.007586187798584595,0.006980572587115961,0.007742753585318887,0.007591002844725475,0.0002143563355345746
0.00762016293684708,0.007417419011908861,0.00783171243591825,0.007959432472715387,0.0003671235407852492
0.007973851165245075,0.007325786034928138,0.007928720743352019,0.007772235130572748,0.0002699734522121608
0.0078034862710778955,0.007255370056677403,0.007856330941898507,0.007758998067445391,0.0002597142226547318
0.007784145545622178,0.0076514601568408135,0.008002153139363446,0.008186681554068074,0.00035505958036967464
0.00821056374362231,0.007715284705392556,0.00831950472654493,0.008350447075467102,0.00022495490664712538
0.008392833479852986,0.007787378356473779,0.007652043249608968,0.007576890858369857,0.00047553130311523236
0.007602871427794041,0.007220971088561538,0.007763913369122931,0.007792579359923873,0.0002678156575166214
0.007816622273659184,0.0072294288736586935,0.007947811931057069,0.007795295607089041,0.00013630457523088022
0.007820881962220371,0.0073278277227122966,0.00797531485646413,0.007915552265093478,0.0001538275535831639
0.007923653516760304,0.007276470463820763,0.007980495565054297,0.0077910360170864446,0.0001684869742769417
0.007810150301077065,0.007309294110498979,0.008018057546001555,0.007890712053438952,0.0002101259519427196
0.00791013158748249,0.007703867630024112,0.008111999832657582,0.008089929174217456,0.00036047897008756335
0.008103369432902938,0.007455565821026947,0.008151269050670496,0.007975087801908433,0.00017920237854195952
0.007995180409712237,0.0073870304383681605,0.008199598977710594,0.0079881020584994,0.00016299521205703706
0.008012947532651839,0.007369969796199648,0.008042901901377644,0.007819572462379201,0.00016727715678261176
0.007841423952463868,0.007196575856580793,0.0077903746218063435,0.007774713174001857,0.00021199879273347112
0.0077939422857541815,0.0072115512003716725,0.00797906026909791,0.007819082469142669,0.00016263420434028811
0.007850300266483968,0.007349117702435442,0.008061404036984987,0.00791699235612136,0.00018840763652514778
0.007930050297051787,0.007814238031991726,0.008118479405732367,0.008400440877075303,0.0003857381130155775
0.008430385234542433,0.00793133158545086,0.008578707929890253,0.00835264344071403,0.00029252290028123067
0.00836847661327364,0.007891041627167883,0.008539122522723168,0.008510058975825964,0.00023207221224853076
0.00853364689786833,0.007939963812921901,0.008653559950675498,0.008510519080380783,0.00029830415250919917
0.008534329970002558,0.007928924992700917,0.008252974103703358,0.008204977955863198,0.0004222719799781267
0.008228360762291921,0.007728306472598331,0.008442763186614575,0.00832698627175941,0.0001563925034380763
0.008352713410176096,0.00790544825321941,0.008533639452492863,0.008506526677078328,0.00035329015817471733
0.008532281659531089,0.00788182555175159,0.008569842649728038,0.008406317173043165,0.00020124464923469704
0.008426585759037195,0.007802820066611172,0.00848777082295023,0.008342434191615736,0.00022795835408354368
0.008364572955678967,0.007727242018112779,0.008504399791323548,0.008362615391793893,0.00017635249757674804
0.008380439434934737,0.007735480860230464,0.008429396589718233,0.008269618117227298,0.0001397533813899404
0.008290284784391328,0.007688877156027334,0.008451447787260122,0.008219950373965034,0.0001330264428068892
0.008246454020468023,0.0076741198652038115,0.008472577150533298,0.008276013389395775,0.00015948742515814498
0.00830352406313084,0.007666318909045065,0.008503916750166741,0.008272912212238876,0.00017835699933494654
0.008302856391827224,0.007818817144306245,0.008529682939811545,0.008422595635963998,0.00022269141390690944
0.008447751935886105,0.007969682207342517,0.008677408725041377,0.008587059465653907,0.00021240854646457002
0.008618428470390387,0.008305373415571986,0.00885108137943268,0.008901206719068936,0.0003467338933267353
0.008925718525808847,0.008260927100727533,0.008961502375476226,0.008800463747351118,0.00018130943270537687
0.008827607987357239,0.008197116792369579,0.009011418779292778,0.00884078176754368,0.000155695846873395
0.008853671628340942,0.008191225802202466,0.008762999193222864,0.008615640291110416,0.0002862088268770029
0.008635868552162276,0.008076815635260004,0.008868827610939678,0.00869761226499625,0.00031428878779697807
0.008717370653695072,0.008163155710212654,0.008884384486058484,0.008755604458973774,0.00025789549598044835
0.00877473784179559,0.008209161326276745,0.008977964491846907,0.008795343725602301,0.00021141128757852322
0.008802463866554231,0.008206682642545756,0.009033892176929738,0.008824784982805029,0.00017891031275665855
0.00884816537843135,0.008244070271332593,0.009083143938238548,0.008852326950142682,0.0001365632926790318
0.008873828597819124,0.008210619166115653,0.008969899363829935,0.008779332449381609,0.00014645125699974107
0.008803888896351496,0.008314501379789226,0.009039797447255115,0.00893300737069156,0.00020132215049669836
0.008961326152116263,0.0084098385871787,0.00915944600432848,0.008939967810659658,0.00021578126461993592
0.008951797567623161,0.008316134552014132,0.009142485175618425,0.008953693961305917,0.00019963535832372777
0.008952762384364477,0.008307399973150248,0.009157029876710182,0.00890334421267007,0.00021559462334544562
0.008936331509963317,0.008359851056927018,0.009174565008169645,0.009004532797460668,0.00022137332259066585
0.009028401299089956,0.008468880210642352,0.009263689788937378,0.009092410955996073,0.00020821406419261273
0.009115112505094645,0.008501369212766582,0.009311446335062335,0.009087974751056094,0.00015560039495144483
0.009110422499207519,0.008484950269330582,0.009346093476051922,0.009120383139206836,0.00019652220101259993
0.009133502908708447,0.008597609782449398,0.009363870128089787,0.009241501134675117,0.0002670224093055487
0.009258137301199707,0.0090779982697813,0.009483307585115617,0.009737207638000985,0.0004264319741884934
0.009755904829634121,0.009683163785132341,0.010008057133409277,0.010186228926212269,0.00055308672482203
0.010211696941268437,0.010402565025051958,0.010469131901425842,0.011038656845756075,0.0007683151148141639
0.011062069204370691,0.010378679770011195,0.010796240182507386,0.010694949686129104,0.00037557464310569787
0.01072769089976719,0.010031235061835075,0.01043510423306483,0.010655788267346984,0.0003924938068462801
0.010686918559617297,0.010228558757100275,0.010955776508387973,0.010825356721586037,0.00033580963455786823
0.010856853136458535,0.010620287797916525,0.011066891645635856,0.011205064345474813,0.0004598600920487825
0.011249845190510959,0.011143387076475133,0.01152869097538763,0.011839043136135681,0.0006573800363303167
0.011847920140587297,0.011194073266234474,0.011825803691199515,0.011803072560555595,0.0005510722390777267
0.011809476949584747,0.011094011874556279,0.011528721395918498,0.011621157363617112,0.0005173192997516966
0.01163272977002549,0.010965807409895117,0.011716048259497982,0.011658329826489023,0.00026561430255293947
0.011677718314038368,0.011539418435839176,0.011889177031670743,0.012171502188545506,0.0004042045210685503
0.012196606722761065,0.011952233643605002,0.012463149764410887,0.012519112085429804,0.0006162217146531246
0.012537737838622564,0.012137277841765557,0.012839191773978536,0.012846911220645631,0.0005107487883481998
0.01287615387864019,0.013819162209567038,0.01318354849606197,0.014492438932255013,0.0009660059721728999
0.014543442365166977,0.01428111765605424,0.011159958189736608,0.012394907404286663,0.0014368632482589195
0.012428495217431723,0.012177088083520346,0.010760127325030545,0.010745091119710603,0.0009857517437056045
0.010784613275642365,0.010161496344486296,0.009848068186902753,0.01083982556068693,0.0007796725144596632
0.010854196040212264,0.010659309488940382,0.010810044650681366,0.010878614729524106,0.0004353759845352706
0.010929434533341824,0.010235878216706611,0.010697645398297163,0.010754395556898926,0.0003873992385941324
0.010769072931623096,0.010253187172254277,0.011018636387171528,0.010826381088222854,0.0003131205702447518
0.010853305509830376,0.010319899810108373,0.00892992125526438,0.008898432505975601,0.0008690809791769478
0.008880151091751179,0.00896083173532901,0.008824061495182427,0.009300235111389648,0.0006166234903131351
0.00930404627132449,0.009001005102025358,0.00919027214227425,0.009584407639919294,0.00046458994847974733
0.009621756347549158,0.009089722399328266,0.00968042064129176,0.009501722866260541,0.0002483138326033106
0.009517856908649657,0.008917975872128102,0.00968668819248474,0.009551968457369215,0.00018548738897293684
0.00957189932920029,0.009081629519196895,0.00979845322289207,0.009696444004735644,0.00021894286021981462
0.009707903158408457,0.010190309596589347,0.009957416167857516,0.010830224048116755,0.0004250614783424436
0.010871977658051268,0.010291479943358677,0.01037287857625815,0.010513850540773088,0.0006261715090247688
0.01055971585213859,0.010103591266489239,0.010766078687069358,0.01069867399701379,0.0002841060352829956
0.010705723879726424,0.010027531721438436,0.010806404327154217,0.01063861948399822,0.00023026374309421802
0.010666791485869125,0.010435374431536387,0.010935190105499069,0.011035763077935898,0.0002998712736158442
0.011062440636167816,0.010583498257268729,0.01096583556392817,0.01107855914155757,0.0003153002932385398
0.011111332837775371,0.010448483419929107,0.011255426112107355,0.011024233292536566,0.00019282436506313835
0.010891332878406386,0.010388391582173688,0.010886119945541194,0.010603910573073378,0.00030041549203651543
0.010612986419296169,0.01008373064621743,0.010877073064028043,0.010735312086485418,0.000327432659915075
0.01076840526031948,0.010318120675897154,0.011036216688510158,0.010973393550664188,0.00035913694455805463
0.011005355192674388,0.010374947059214873,0.011241954426104381,0.011005505769150704,0.0003410039286986206
0.011026906390288613,0.010384979275737566,0.01130183862386853,0.011032810438469926,0.00017969189018945337
0.011060392325696347,0.010377790647911642,0.011291825660041766,0.01100173617238464,0.00015653297447545372
0.011031953333073465,0.010372394504478613,0.011296749176870966,0.01101488447518449,0.00020604145307933776
0.011043946050464576,0.01108648771216426,0.011319177404628757,0.011757159922577354,0.0004520928699820293
0.01178581765003903,0.011335766754460035,0.012071066916733356,0.012033467199228933,0.0004108576396995452
0.012068720943148134,0.011691654117527414,0.012259541463977388,0.012371461092061014,0.00039863692158432845
0.012387232768495866,0.011988396615726187,0.01264571811949527,0.012640201097934003,0.0005566511902173829
0.012682157768794881,0.012163818002935416,0.012741926274783795,0.01283296316918061,0.00042497312690376206
0.012863092162418328,0.012130716672478361,0.012850821635112622,0.012602063140071071,0.00030856167247996635
0.012638669446869904,0.012145444592902198,0.012938270521179832,0.012762476600530356,0.00030159225752205066
0.012812923503732358,0.012397567223894743,0.013119208151442864,0.013106747116521697,0.0003991669390384624
0.013142135282630956,0.012646042585253684,0.013079183951163873,0.013132270239267434,0.0005582952655182976
0.013177461164331283,0.012792154093601552,0.01180829898027092,0.012113005509849407,0.001143444017389532
0.012152301250882413,0.011478538937364936,0.011707816279478372,0.012028288305834323,0.0005258045482164036
0.012052349860207,0.01162997182812845,0.012253636193652011,0.012262392763910305,0.00027452095273253424
0.012269381082992612,0.011563916019212764,0.012466457305767027,0.012184204878272582,0.00017556152881455776
0.012200584666715166,0.01152512751136217,0.012150510594011062,0.01205749226501862,0.0002698081921681873
0.012094458448895333,0.011662344238666052,0.01230862729511783,0.012263876329384313,0.00037619861944276407
0.01230930818932124,0.011623410658841253,0.012536823681000715,0.012307355304097194,0.00023890000504738336
0.012330681824417815,0.011981105636507424,0.012628501020858511,0.012603546705545077,0.00033155276376999987
0.012604827480495656,0.012269829125580093,0.0129002098278932,0.012882080236125295,0.0003720044334991615
0.012947546693772672,0.012385463059176096,0.013222212068960343,0.013003911937084126,0.0002654387849889952
0.013029924830787958,0.012322907667895589,0.013169350404655252,0.012906713944160727,0.0002037506069525331
0.01293982815984215,0.012668207446882596,0.013142617210862568,0.013383202930864202,0.0002950844309628195
0.01339387001237391,0.013204240381447923,0.013674860349926597,0.01390732723047361,0.0005155954437398983
0.01392108574080193,0.013322937736732278,0.01403160099357593,0.013939081690497224,0.00037093879114664285
0.013957746965109485,0.014069971182682767,0.014279445355062167,0.014670361725891038,0.0005229609357356186
0.014780629651499563,0.014416584619546592,0.01450599534494113,0.014773644329836647,0.0009255828639382346
0.014746492351550039,0.014044160831444474,0.014394683856994007,0.014330838981703571,0.0003819399585208019
0.014358501943721843,0.013936545906974575,0.014479413331968517,0.014647805734093317,0.0003150524031725796
0.014648084667660731,0.014148130266304989,0.014980542720794939,0.014866982154231215,0.00035803141185009415
0.014899520440103557,0.014312469222699764,0.015108013963472602,0.014866982154231215,0.0005101447343943656
0.014889428366396278,0.014738991506997345,0.015226877117749024,0.01549809706575362,0.000635802180552878
0.015552010148458865,0.015316874591077398,0.015769540671386587,0.01592116501534606,0.001032477619278041
0.015938366256379705,0.015581975378682248,0.016299516098149582,0.016277010602618113,0.0008827862111713115
0.016334966634451525,0.015568705298097318,0.015994429515913327,0.015982599842026088,0.0005053407958747231
0.015991504557580256,0.015392117995021807,0.016108460414953153,0.016160225560280263,0.00036531710034044183
0.016187131343608073,0.015519126283404893,0.016509301610017728,0.01624495725577739,0.00042096412338736507
0.01627232873855667,0.015512565114117695,0.01560612342323472,0.015513530494127903,0.0008130265046422968
0.015530487034712229,0.014879853723910612,0.014749460993650982,0.014422249438986613,0.00093083699361215
0.01444874537552408,0.014373858698113988,0.014646003533673296,0.014993413089302993,0.0005880078817002863
0.015027762250683002,0.01543848762603957,0.013679692605163192,0.01392839784536207,0.001589577661473478
0.013943645239855671,0.014320926117784806,0.014269779000920442,0.014805547327551186,0.0007904143717289611
0.014838665416834904,0.01480431839599358,0.01516148035105797,0.015481477147287183,0.0006304426491626409
0.015508965732828017,0.014955825157762363,0.0157908368866624,0.01563788371296197,0.0010666750055471597
0.015663033830413484,0.01506431585415014,0.015846567299211727,0.01575778442393876,0.0006821006594598656
0.01578177604629863,0.015163472103510768,0.016133984162185287,0.0159003896644042,0.0008316866202612953
0.015947568705636305,0.01525635910755683,0.014815311302802241,0.014983323394931542,0.0018026264424442677
0.014891209427160056,0.014121591885159353,0.014016798178888934,0.013683698302478436,0.0019964678577083744
0.013696809786109935,0.013157868970405938,0.011873409978338672,0.011807835729559136,0.0017534302825290048
0.011871742507751266,0.01251393096742231,0.012161505311334005,0.012741552711897568,0.0011418142114386213
0.01276987908810151,0.012413607022171175,0.01306695121041805,0.013001091532391783,0.0007995606147805842
0.013038830134606858,0.013279775709364958,0.01334908043202627,0.013985084900238226,0.0009444794951732702
0.014007915623795456,0.013253819396140351,0.012727578846225543,0.012925560116555804,0.0010682820170092467
0.012960015930981558,0.012340405306010927,0.012949900382313917,0.01276900501319009,0.0006913153315669383
0.012787838268458161,0.012084637185409001,0.011521546759805103,0.01126920002212034,0.0013822676210089998
0.01127521126446103,0.011141053464718349,0.011058705757329684,0.011792417698384522,0.0012248858994408094
0.011831444875556728,0.011610578464215263,0.011821015684007818,0.011702580472620622,0.0008483921540526197
0.011802352706529629,0.012171108982154179,0.0120898253222674,0.012875551823465562,0.001044615684576782
0.012878824563854648,0.012437229723638995,0.012931775276922478,0.012896030099025572,0.0009129689408908053
0.012901088729333113,0.012298409194509889,0.012752801153651804,0.0127894832887501,0.0008335471976170597
0.012843647254873171,0.012213251055641531,0.012815630611904492,0.012588560701678828,0.0009888660179466846
0.012612546014426178,0.012586986721596244,0.012915313160551797,0.013261670116722479,0.0012576073881475568
0.013281509175949634,0.012831962555332118,0.013435622233173067,0.013390919645051343,0.000808404876444268
0.01341361025349434,0.013063378164534659,0.013652505868910302,0.013712487442989293,0.0014482263009376471
0.013745197384032123,0.013707171985556195,0.014067847517021734,0.014330395180066048,0.0016370131750719809
0.014377055414953897,0.01377570647820287,0.014333214104287674,0.014173691539009409,0.0012263305229645147
0.014208144540382786,0.013464382021566574,0.014229151921029711,0.014048003292392263,0.0011649962065725552
0.014084504860362852,0.014241309194323678,0.014413111324025585,0.014907197828331862,0.001439778116311768
0.014873099862222128,0.014215206919112757,0.014980693901615006,0.01482142636899825,0.0008864419001109378
0.014779740027048884,0.014191876141617562,0.014968459317200646,0.014807327968407048,0.0005795425556188118
0.014837922553240655,0.014370213208504607,0.01510861868675288,0.014984212809641847,0.0006736581734561925
0.014997187072261036,0.014270035225239784,0.015217061426455765,0.014973231889124836,0.0005982654016710536
0.014999560612037794,0.014528573063533215,0.015344230307493293,0.015238558245259406,0.0005991173228963591
0.015257084242228637,0.014515012838999882,0.015484692038685665,0.015169703779774089,0.0008057494096742359
0.015200829537657074,0.014496785390952975,0.014875724633436631,0.014708351146063045,0.0009860167068436938
0.014745303769799236,0.014276744136537517,0.014926322272777763,0.014682530947935458,0.0007092289732659306
0.01470033153254818,0.01423591394090276,0.015004405322674849,0.014756430260606503,0.000563150491637794
0.014779145736173484,0.01422453958611568,0.015119946186246827,0.014911054373990176,0.0005052296955361951
0.014937073100724216,0.014336529810126524,0.015120550909527101,0.015073842626069027,0.0007046102171734936
0.015093219404511166,0.014667101668689694,0.01543953322152994,0.015337388341347739,0.0007539545868550897
0.015365732572544078,0.014637063759920991,0.015610350955191038,0.015316910065787729,0.0008039229328737521
0.015350146931964181,0.015005696096427415,0.015660646232892032,0.01559573886031454,0.0008809882730708356
0.015622364766421818,0.014934972173986044,0.015768635430134712,0.01549142011540296,0.0007586360277917928
0.015522768500781704,0.014929432738603041,0.015661551474143907,0.015634766232887776,0.0006935377942272711
0.015659471708885923,0.014880435791831641,0.015593132934720014,0.01527120393142858,0.0007209795322546651
0.01532862563007997,0.015153701550548909,0.01567907185625507,0.01590840345397319,0.0006550322039814522
0.015934506989414444,0.015396345552552216,0.016288339779475705,0.01613603746531761,0.0006742650539266408
0.01616516432356731,0.01579370391997475,0.016529390222401526,0.01636738129606467,0.0009223688410140609
0.016401016267292665,0.016156357155115007,0.01676152837161743,0.016911241182779455,0.0012630495267652918
0.016933278032574328,0.016325217373037042,0.016928721452933945,0.016892692085766232,0.0014861277916406544
0.016934761947900407,0.01626572184339644,0.017273681054629123,0.016971489519367333,0.0011875684035414715
0.016994578773999527,0.01656771541305404,0.017269302341852734,0.017358794302716404,0.0011602407291361522
0.017386874166949538,0.017827741160023065,0.01777345165974346,0.01845259687573293,0.0020164843365903518
0.01846638904721735,0.018404896214195776,0.018791263625178033,0.01891587868799076,0.0013432319677200695
0.018952489993497156,0.018680057698710888,0.01927155034118885,0.019468938854366694,0.0016465638835332955
0.019500781305652838,0.020373606565247858,0.019924467117033055,0.020174992842396624,0.0026431190581211335
0.02024514693385531,0.020506593954997106,0.020522409384428276,0.020438833821621934,0.0026786983374807146
0.02048174174117492,0.019934544010296908,0.020706518124575683,0.020785332402977166,0.0016429567012658868
0.02081807776312864,0.02019585156628184,0.02096720179375656,0.021051102560749258,0.0030604888838258975
0.021077085308645563,0.022042365034426498,0.02152844215157723,0.022930348894725266,0.0038021362075903284
0.022961672267665656,0.02364842215033832,0.023331478078107343,0.023405354315954734,0.0033109149734346995
0.023445992153181678,0.022991504210718168,0.023373766303350293,0.023876798455472484,0.002592327283988196
0.023799992021916776,0.024238117475164397,0.023921262112224454,0.02478852280237756,0.0022611432381707897
0.024770561426431453,0.023978849826939402,0.022994824203173274,0.022943556069170912,0.0020944414883681825
0.022950243039488723,0.023349492002369077,0.022346437320925526,0.024140641246133045,0.0016347080140061948
0.024104120377403605,0.023618238279583308,0.02424251029285979,0.024199998356575363,0.001228854967012787
0.024216627974684303,0.023346722284677573,0.023214276069183144,0.023154126360411368,0.00206750132027287
0.023226021183611494,0.02295504931462436,0.022882002750694,0.023095064513915648,0.002715765094002989
0.0230038252469834,0.024094047654600687,0.022510007593566,0.024647846740458907,0.0030168945151280925
0.024368915011505992,0.024683595237416228,0.024703161938947015,0.025383282208328146,0.0025313463733509624
0.025536596929236988,0.0261423749291139,0.025958702056602966,0.02685326010648581,0.003280626750820929
0.026825988893505286,0.027311993245779966,0.02723750189652709,0.028292967110093863,0.0027222928885344303
0.028054822979942634,0.027812884942128302,0.02818266779058145,0.027647012920960883,0.003253757701530747
0.02770096987206396,0.030507919937316642,0.02788618929674644,0.029608764696505373,0.005517136651658498
0.02990319443281172,0.030754649094912496,0.030312237695443698,0.0317904355806424,0.003911635096511335
0.031829936183011984,0.03371332703786678,0.03247005260229932,0.03361893093307354,0.004899291849730043
0.03368335186087228,0.03721285110088628,0.03192527436084933,0.031561318003823974,0.006840584672775705
0.031822808316232014,0.03444344669364718,0.028703581586482996,0.030039400822594032,0.005007850876287862
0.029973103332618118,0.029870689065606526,0.025438844682773368,0.02761243805624492,0.004828344094443526
0.02786260974272353,0.02997480624247758,0.02843308222600886,0.029347595584281485,0.003251706197536594
0.029426294123926094,0.030553855242423912,0.029234915796958073,0.030828704752082336,0.0028171436742253603
0.0308501643292407,0.03047963179235947,0.029497715997619915,0.02963948301556302,0.004097467440182266
0.029838329757996534,0.03061262096213295,0.029814885983450463,0.03128575160419178,0.004384848684496062
0.03133953025161037,0.032614866969552576,0.03197103790128533,0.0330882782208044,0.0046935717704500125
0.033056838824104276,0.03320048069883456,0.03325466999644605,0.03428536520920178,0.0037357757975906482
0.03438808662225262,0.03456185034493468,0.034013612462540574,0.03468305857373942,0.004299711451094605
0.03519063658850929,0.03461988625471216,0.034451155567179696,0.03463052695133868,0.0038443060119145935
0.03466534868170147,0.03609149992106004,0.03532231476247322,0.03722740053319008,0.0038847375996991012
0.03731389656105047,0.0406571089718198,0.0380502804771909,0.03984489911685715,0.005937096478361392
0.03996392292013827,0.038753725509763956,0.03819708442815201,0.03790035959910755,0.004307575367382949
0.03775398344918484,0.037965135618295585,0.03774987312570263,0.038990455975591934,0.0036335995926153504
0.039044562183341514,0.03922516136526461,0.03963280811563919,0.039260381565839456,0.0038267258079981176
0.03935180694219935,0.03994376070427162,0.03889168654962743,0.04109896661264205,0.005735593197157877
0.04104789135824675,0.04060884539502842,0.04031109745789546,0.04125329727351437,0.004976280326910813
0.04120834264715551,0.04061846820597974,0.03544827788428727,0.03682406635926776,0.0073045382276206
0.03716650517650114,0.03758221324732426,0.0374391965404609,0.037675694530146395,0.00505834048667695
0.03770039942982773,0.037549987688785084,0.033853062118964404,0.03454980215062606,0.0048171747949198014
0.03447506688982742,0.03387358261869323,0.030832697948885036,0.03392966815962066,0.005756592574397942
0.034029635007539284,0.03394955405254498,0.03343333991440805,0.034730692075210096,0.003388615732802239
0.034689247147087286,0.036067875439568,0.03494080443202356,0.036768419068228086,0.004355443793913195
0.036787126550778995,0.03573118029767657,0.03541459774744556,0.035171863508742976,0.0033415164835028663
0.03520904148702249,0.03574211676650471,0.03590847598791429,0.03578487493632494,0.004105645008636828
0.0358358516692282,0.03720905964929058,0.03652454151703241,0.037746478174178505,0.005266311567317322
0.03758982146602966,0.03733388206792741,0.03759053222868701,0.03726138305857758,0.004617779912754544
0.03731671581898378,0.03663001064934424,0.03731807120488906,0.03750340892302455,0.003111520091269442
0.03755880238131357,0.03723414019059731,0.038284835675859365,0.03808956038864243,0.002722244381862213
0.03802159915308296,0.03712871291589788,0.03642440450409063,0.03606860004034655,0.002783308082082855
0.036073187528279635,0.03602515129815961,0.0359551466132707,0.03578205272019734,0.003291482762890257
0.03582561102280207,0.03504801412085918,0.03329952645196164,0.03413548705618673,0.004722349721412265
0.03416143712778386,0.03413226641897297,0.03264555141037695,0.0352335935993696,0.004228022601387443
0.03526841259496506,0.03488367516446441,0.034932648042413986,0.03556510436542333,0.0033563613487604714
0.035484078579413436,0.034662759918155296,0.035326241776457934,0.03503875562332054,0.002689933285132252
0.03506373012053707,0.034231424448357826,0.03484217922728247,0.034170954958483504,0.002434333028916329
0.03437146459636562,0.03359011020107939,0.03394806267136091,0.033484044218230494,0.00220536512401864
0.03353729763079261,0.033575674204628175,0.03357969401024603,0.034551283904664803,0.0022732728239196883
0.034459926967404075,0.03475272946249931,0.034872990615879944,0.03540587920649145,0.002730202576156333
0.035386709092693654,0.03528628460334577,0.03606434341340539,0.03596353679554508,0.0027911893221827053
0.036008177904470445,0.03515591918927748,0.03575019335663915,0.03596873199185699,0.002665962053617278
0.03608580533820737,0.03506944917255653,0.036401749505102735,0.03606622706016224,0.0021542000673367215
0.03609307815398134,0.039435578028704524,0.03515089414920038,0.03473217382924884,0.0025971396564687032
0.034782163075966405,0.03440772160748493,0.03505181540199909,0.03551390958224093,0.0020726328155969125
0.0355590353279359,0.035343152817232736,0.03543362809408888,0.03472890962291898,0.0014871735116099407
0.03485607981545692,0.03390930770485547,0.03246642426261767,0.0325641575440655,0.0031493020476730566
0.0327875888202988,0.03210566612012973,0.03209911386724327,0.03204819557171601,0.003772047482342745
0.03199914239115837,0.032254985232128046,0.03177182214114225,0.03295413419441599,0.003166996406389563
0.03303709677112142,0.03227700413177064,0.0327639628658617,0.032346611415657284,0.0023645162449872988
0.03241206946154192,0.031373360594603085,0.030383524983111827,0.030498233749865097,0.0024976730779688833
0.03047553278307207,0.029446936499000445,0.027471452371915284,0.02701871841413082,0.002814245856450152
0.026940871842425166,0.02693344617434959,0.02524552313094444,0.025994214108237136,0.003353512220013391
0.0260598048179809,0.029437459650035427,0.026598630187601002,0.030425073502778174,0.003407335661159911
0.030525996775333315,0.03172857866856249,0.03010486923302812,0.03176758251346283,0.0042925882645150825
0.03185531675186146,0.0318679794855884,0.03154663277864391,0.031093138070636097,0.0035308248955414918
0.031065826689964226,0.03921043344484078,0.031692529644684615,0.03916823023153704,0.00639198913272082
0.03950424255173989,0.03830212268415964,0.03700830170456774,0.036944711570134445,0.004227053926790381
0.03698423544027046,0.03865223564864654,0.03754990514879628,0.03905723272483955,0.003337157083104268
0.03905436073533594,0.03821127736789774,0.0374929652896864,0.037874242325598106,0.0030400024737623262
0.03793521317638356,0.037410437349724414,0.03817639109248794,0.03823721409916411,0.0024520014930935314
0.03830331477037247,0.03727657596808151,0.03488039110138917,0.035590181875096286,0.004143398152806569
0.03563562275264087,0.034982541269876634,0.03442487591584722,0.03489229021432627,0.0026541032663956075
0.035055863013887696,0.03618642861289026,0.0356110922528274,0.03700436575595861,0.0022315503386441038
0.03714899171430104,0.039163042079918824,0.03788248082892556,0.03904075953262878,0.00391548171208935
0.0390383293765995,0.03786976904050643,0.038079882419227815,0.03781562790361043,0.002273269906225119
0.0378118688299389,0.03713731755299346,0.03735567835571548,0.03827163861475388,0.0019945987096248122
0.03838851216532107,0.03904886776618595,0.03849990698542431,0.04002504997585707,0.002435193384102499
0.0399924235160836,0.03951155302260472,0.0379712903423734,0.03769409508946869,0.003757544352061588
0.037852537893930574,0.03719564538674356,0.037714231325537105,0.037581463668171014,0.0031030007878384324
0.03759175291137472,0.037936117663406856,0.03796418853116723,0.03897724698971104,0.002276264554988851
0.03903699222212984,0.03919045801300656,0.038848942938255734,0.040329994232458075,0.0028384991925588104
0.040383231369982675,0.04488733653856495,0.04082914250555277,0.04562791341481677,0.005527052071940996
0.04572633756310125,0.04493516578944585,0.045069705511094155,0.045049627201076956,0.0031317218437565803
0.04506093471124293,0.04645737486431768,0.04545166569666695,0.047498108006822554,0.0042066242294150034
0.04739778065016858,0.04772848660214961,0.0479428121877522,0.04810651838885631,0.0049773062612638
0.04814259018466518,0.04682309152114629,0.04646026669408854,0.046956919987109186,0.004168671587879076
0.04697654437870396,0.04727061097118228,0.047544686716443255,0.047532833220664705,0.004300167340871083
0.04745121609680683,0.05057007099164476,0.048339879393320656,0.05152964555653154,0.005742146703872711
0.05155984244017174,0.05451011544945411,0.051988539989595434,0.055003369733754956,0.006307449661994281
0.05496492622763197,0.05827911737964362,0.055675264966493915,0.057801316251803805,0.008984377534432176
0.05772657418327465,0.05998141150518982,0.057659236679618524,0.06153888321968777,0.007001257006750518
0.06159890830034492,0.06188931978882137,0.056405962430595064,0.05941390301329741,0.009266345725895976
0.0597190647971535,0.0607994607975543,0.05773868035689623,0.06230310601663261,0.006456896166113086
0.06245162148970028,0.06230825916992756,0.06150379074533194,0.061636229750302085,0.007258464183250572
0.06155956914337321,0.0606375996348784,0.058055547981086635,0.059097677137927046,0.008364994742753793
0.05879005770480602,0.05878758485908645,0.05737816572375078,0.059588561600603565,0.00846218460770988
0.059555352155879725,0.058102674258530204,0.058878377249340065,0.05801500040024794,0.005994538590197688
0.05808843934679669,0.05683185800471935,0.05765078161570588,0.056740010827265513,0.007963754844408573
0.056720976042497345,0.05711795061798993,0.052908032799266126,0.058205835104383014,0.010708638011640178
0.05806662089947478,0.058970151263528135,0.05900720911939835,0.05896263826252256,0.0067355017145855805
0.05878783273774811,0.060728886397147686,0.059790314705344384,0.061680602668313406,0.0057893312957382394
0.061685435602313474,0.061885382375239356,0.06246496890063384,0.062228467638377444,0.0049066717934316785
0.062267869650005955,0.060771023130562374,0.061893608646211226,0.061943550609957904,0.004290194660832659
0.061867708962268994,0.06131507685427803,0.0626150951422994,0.062395851501698726,0.004363849307255996
0.06245177368614399,0.061130474102124854,0.061215772846415176,0.06239259091823937,0.00556588841021965
0.0625224218258198,0.06436402338564585,0.06314129289222921,0.06530642944104526,0.007066762896953166
0.06521118942727905,0.06437626995230236,0.06494282254156425,0.06510283136410205,0.005504685025371495
0.06499196132130312,0.06597342872712175,0.06612072762077771,0.06715199213645086,0.005524858330336581
0.06716152887370258,0.06824763039543028,0.0680710191970606,0.06995097117259517,0.007388734869235226
0.07012504004583994,0.06945837439175218,0.06491004948964295,0.06530271962164261,0.007739371002391329
0.06543249755131889,0.06565306708750361,0.06412995645808707,0.06536489532534202,0.005491407326809513
0.06552689558366166,0.06386750342879001,0.059460157918336205,0.060220861190782876,0.008494980224094282
0.0601339233128821,0.06147912388670017,0.05779441445678263,0.062301620639723346,0.007670503198621018
0.062335104240873046,0.06424109491278264,0.06351071981908457,0.06557502181494496,0.006172136470369954
0.06548994083764126,0.06479214769174443,0.06524367974817565,0.06561597474319446,0.005239043888006587
0.06572772241484924,0.06487905559442432,0.05895842564989805,0.06010867538255797,0.007678823734109482
0.06015648462379826,0.059743578908662165,0.05954639735784287,0.06006875859527443,0.003932948125917617
0.060149505329737146,0.058819376091715135,0.05708349955608806,0.05853853054909364,0.004767397466717484
0.058563263261343264,0.05905604099235228,0.05932422792440883,0.05910732121922571,0.004420465346817314
0.05925211161298115,0.060266051618694166,0.05911006369976429,0.05865531740286675,0.0052957737176561135
0.058704414591700865,0.05716490765700139,0.05465004882821304,0.05497191234911318,0.006306936877173698
0.05489561161870097,0.05408257499130078,0.045043425859761684,0.0441742583597437,0.007722759837783736
0.04437104272684824,0.051353559333689056,0.04191341134708742,0.05133524957068475,0.011802289137890148
0.05136866921198459,0.05245289517392114,0.05008688070199277,0.051150055675934364,0.005164334859708211
0.050901567455093395,0.050352655272958714,0.049450273018030635,0.050524429413235206,0.0035138712665338076
0.05067610654237544,0.056395709349421994,0.0516470557030933,0.057681710804773606,0.005519957332883526
0.057840714268600275,0.05661210689425229,0.05584245989147897,0.055600799195271694,0.004439413220063225
0.055504016902393476,0.055698107176153394,0.05567420670075343,0.05531855584528883,0.003441726891761989
0.05528300592379134,0.05402161984179705,0.05198748172385495,0.051239091341597834,0.00400489336803507
0.051224249281812274,0.051715484538921976,0.05107977364347548,0.05123404468297685,0.0033875897984492515
0.051252449108595055,0.05260410823169307,0.05169976618657832,0.053633555148033446,0.0026276330294818895
0.053719763637020475,0.05226784741571214,0.05279203654956541,0.052007766646399944,0.0021714611484096626
0.05201922928685727,0.054514928634953996,0.05301375612787631,0.05561712384979153,0.0038986994976376228
0.05568286946609059,0.054801316732245656,0.0558580130792607,0.05511674384350726,0.002957087611843247
0.055156396601256825,0.05830331858898403,0.05608335730991618,0.05969198730793433,0.00478959346344285
0.05967142006282556,0.05931326873281734,0.05947979667559687,0.059307057316204836,0.004862079937902938
0.05929278430069767,0.05837010509784339,0.058416368663209296,0.05913402902062835,0.003878298247784297
0.05921099683083293,0.060466994993217504,0.06025247815963229,0.061740401768957995,0.003423548195746952
0.06180759136700732,0.06112770438443335,0.061897989202656156,0.06270540404958895,0.0034257138545411353
0.06262038560341497,0.06209725509849395,0.06352386148841935,0.06278820113223352,0.004062591872281658
0.06280814528279341,0.061546643765539547,0.06173306198997214,0.06142536419511503,0.00365311714572595
0.06148580460032639,0.0603777516987566,0.06100100021115329,0.06011772531309294,0.0031651728472836486
0.06015752100910536,0.060528384468631735,0.06030065690585233,0.06158756010786544,0.003293391664562328
0.06156135201599941,0.06126666731550033,0.0626640261052827,0.0622167440294058,0.003031739380385697
0.06222764630417084,0.06171301906964581,0.06267188013325213,0.06304893187712565,0.002567267570042902
0.06312296000286292,0.06434156660004431,0.06394947605762132,0.0657732725350148,0.0037267717921492865
0.06586664877814895,0.06805369319624997,0.06634501358569271,0.06817041001988708,0.005592700199753906
0.06826657651926357,0.06868742454033702,0.06937851942510685,0.06831836080579061,0.0045338961938824925
0.06846012691095234,0.06798107532803498,0.06917507428933892,0.06897855649889996,0.0034658033426373737
0.06905873726637526,0.07633916482848997,0.07023789757844622,0.07818529211529851,0.007937313237372817
0.07847766784551645,0.08207555633175787,0.07952418313851972,0.08115759652240115,0.010284775039026986
0.08114001124536943,0.08203764893589781,0.08186202859071796,0.08389663154308047,0.00473873330584344
0.08399620942979859,0.08225316714876178,0.08015489477049917,0.08161731705294727,0.005613500079627784
0.08179368772361312,0.08114129281790057,0.081145674867838,0.08232069736254052,0.00570476374220147
0.08259534987728154,0.08149301136423691,0.08006594145090541,0.08053879574774359,0.0051733673126716255
0.08055060515106553,0.07862721508525601,0.07521353860453368,0.08031888026202157,0.006819413880979684
0.08025256827705157,0.08067642169173556,0.08094706751831227,0.0820673935021947,0.005056460032526931
0.0820985589426942,0.08528081747032168,0.08239955384014172,0.0865626584772343,0.006691650953477483
0.08638337441199147,0.0872460282937507,0.08750206138562658,0.08686166847193925,0.006271861811906903
0.08697515766979698,0.08551631467506832,0.08489326303049399,0.08651769140845926,0.005780441445096908
0.08652007580823327,0.08550654590213068,0.08398903210897611,0.0853587423779248,0.006826737294349035
0.08547395717618315,0.08346405354702155,0.08054109170637096,0.07936842742936036,0.0077780078433037966
0.07937476441683473,0.08082194935213817,0.07893560301995756,0.08269479497144396,0.005587713859734694
0.08268990010606801,0.08406599365847992,0.08381911961656689,0.08498049295941647,0.005411199173671341
0.08494288580451471,0.0842350033984367,0.08393389904503291,0.0831414586766706,0.004855840083354321
0.08328167611642381,0.08260663723893388,0.0833353557416945,0.08272877749683145,0.003983352393740549
0.08278622596003099,0.0881330499647208,0.08386986474939102,0.08867577015983259,0.008129441965924649
0.08813571353261043,0.08753927660439907,0.08864659606431262,0.08832971356867962,0.0050325542667838605
0.08839056285386197,0.09126409121326863,0.08959025199383483,0.09334346203394393,0.006568988156082704
0.09297624170255621,0.09559318132537756,0.09373686902538311,0.09777907282315935,0.008161582559878207
0.09797528609234084,0.10434264831186471,0.09948882724986181,0.10239690675330664,0.013243186765630147
0.1025729812126377,0.10571276855704673,0.10317735902192697,0.10431502829929444,0.009584927337088319
0.10371513580066281,0.10617311842168449,0.1036053851095759,0.10687020988731222,0.007060266649994258
0.10727799656809249,0.10799032379099201,0.1081652346324288,0.10727769587083943,0.006765676511822963
0.10725870385699104,0.10548645627729249,0.10324336235556685,0.10156976194133725,0.008849918497893058
0.10161666572982055,0.10268015552795219,0.10348184456822003,0.10337451662331376,0.006611614214895268
0.10337226620280451,0.11030797941064048,0.10485503839359185,0.10805349011619449,0.013096247290570153
0.107905995332049,0.10550191400764788,0.10466624673535938,0.10336264809952171,0.009175737450464955
0.10385243148778,0.103535827412301,0.09462781815875737,0.0955654989413078,0.01482307169188107
0.09561290738812202,0.09713653352797412,0.09111402929066949,0.09169927297298815,0.013969504522126622
0.09081632050570747,0.09351874821560498,0.08076506793497168,0.08565181811073375,0.02550542403928216
0.08551447766745597,0.09623303595279287,0.0856778841119778,0.09469517675859551,0.017829095087892367
0.09476494127832016,0.09555920422300263,0.09500358730538148,0.09582681659122261,0.009092708616101754
0.09585261678695021,0.1039769316550361,0.09761661134880184,0.10591440969777767,0.011952761941073762
0.1060715788435773,0.11309254962426235,0.1057999037696746,0.1141672724917532,0.01458247567998861
0.11394314267451554,0.11363514372811488,0.11160728267038834,0.11175292637195654,0.01323720257406818
0.11162232809432633,0.11189114719506449,0.11013244371121113,0.11295727721572728,0.010432112779395711
0.11264380539739638,0.11505426448011674,0.11361618078213895,0.1166127897894213,0.008956539810544933
0.11669647780535228,0.11848029846305182,0.11747145393672896,0.11904864851430869,0.009922827004025076
0.11917032953340713,0.11865236272457584,0.11465241837093657,0.11712874451602977,0.012171389171705453
0.11727357048261584,0.11797575415699721,0.11937614052807008,0.11983379701132156,0.010336205241202904
0.11956573589414086,0.11746743619958913,0.1188218452696299,0.11664662015424737,0.012021999562630753
0.11721523575998039,0.11902420266473271,0.11734413756220845,0.11983588378473556,0.014396701690209067
0.11970422016300887,0.1251013762455088,0.12112328933022519,0.12780798135989646,0.012355027409060148
0.1278281184501527,0.13577551222371437,0.12995028018425503,0.1358156989979156,0.015584778165810557
0.13619469034305207,0.14008331324611226,0.1386668647915896,0.14305429571805983,0.016091215541857756
0.14318133331816804,0.1445650867160016,0.1444602023127223,0.14662240291782005,0.01807291077574223
0.14695096382553932,0.1648588011215428,0.142417181583681,0.14409691437650549,0.032946257108886906
0.144418632425855,0.15441228040082294,0.1363912468398666,0.14921630574585293,0.023662888247888206
0.14874989680027972,0.1579950704369614,0.1438311573571007,0.16022704973290283,0.019310366314237305
0.16032281291496533,0.16198323606962428,0.1621129745742214,0.1616961382163502,0.01462433292628212
0.1618724046302262,0.16983562068823105,0.16146202683637517,0.16538519132522947,0.018812277921200625
0.16532632173376516,0.16689735606306993,0.16478173640486524,0.170341510047163,0.01745629104082113
0.17082259915256884,0.17236267123741525,0.17267775576891037,0.17419230258710836,0.019629888881928303
0.17435073014103603,0.20644216060567555,0.1774927100199499,0.20943261615841594,0.03604488375399109
0.20912289218938201,0.257925217369121,0.20972170273052212,0.26297568603972293,0.05113027499881876
0.26161883742812314,0.2645410690004583,0.21394460339147497,0.24323501242414758,0.06020618410515039
0.24262602579525433,0.24164155577409274,0.20394619717148343,0.2225906065140131,0.03962076937060057
0.22251554145944707,0.22804533203086766,0.19717536134115551,0.22670405716596212,0.0382587982986591
0.22635982069872856,0.25229951489215674,0.23007344348798228,0.2486869688148673,0.03461338985584848
0.24851118687006174,0.256206027253647,0.2476960090841642,0.25578904128269775,0.04159391575939652
0.2571229544812122,0.25432931211450505,0.23966255529266517,0.24084290348354373,0.03695837307596588
0.2405673152334664,0.2460569841811301,0.24187066547722177,0.24315487452845763,0.039239245793308494
0.24378376240013447,0.2616348732917047,0.2481445957633425,0.26011469070618165,0.040756788339693706
0.26098654092649454,0.2844206358501025,0.2619490418133006,0.2866844172679241,0.03628508004172754
0.28644932484536484,0.2898495103685478,0.2839817657964447,0.2813927366685843,0.03792058497955613
0.2809663972289086,0.2793796642104054,0.2746448973463783,0.2809979886977716,0.042265499024617154
0.2811430320729975,0.2765624412324308,0.2583257464087637,0.26115045489362165,0.04812083352361934
0.26098654092649454,0.2584355859144344,0.24023648193369188,0.24405412895506592,0.0630945325026334
0.24439379473628464,0.253084007167863,0.2291355324296227,0.23186070613563847,0.04704407876662113
0.23334482575021234,0.22939854916602492,0.17612736284787336,0.20261099734253615,0.06323215432008582
0.2044118034710786,0.22443776405754043,0.2062705912180326,0.21548259253854557,0.037269233008480146
0.21420061489311007,0.21018827142435303,0.18994238418056217,0.20400588943793063,0.03295622978892533
0.20511238544378083,0.20970706679591472,0.2005328439906404,0.20550168572278063,0.030370195396562626
0.20571647487117697,0.2369490701567424,0.20929277693262693,0.23626647896333025,0.038318634378889646
0.23728558303990052,0.24379823312308008,0.2256859253506597,0.23238897862198227,0.0355642052444504
0.23284164981243927,0.2285965414519611,0.20790930281149042,0.21410698860574845,0.03513367315147506
0.21550083635909262,0.21971029028405634,0.21349300784524358,0.21484450360129065,0.037096849777927154
0.21529453045593183,0.21100340859708816,0.1839372902658948,0.18955837455286334,0.04116310065004794
0.18881204485916797,0.20656320225286204,0.1900616916589561,0.20742783554981947,0.03456324052158855
0.20683859750823122,0.20269606402719184,0.19608944057261135,0.2000200652683218,0.029305977973129397
0.19960719366184615,0.22212505690523282,0.19622385138366388,0.21968061547968926,0.04798435252474358
0.21969244237779792,0.22399446682496219,0.22161104914923976,0.2229289391452379,0.0480564400044713
0.22403395464609846,0.2264282013842625,0.21674324798324343,0.228837942388067,0.06205026043927702
0.2270989880936337,0.25508902645302256,0.22702257029094558,0.25599826930041414,0.0679132859811643
0.2565604074354966,0.25519403364200527,0.2506109522872735,0.2574450988674456,0.05216714195335785
0.25752817388883975,0.25325753816934704,0.24038751526027785,0.24187275514631076,0.04519031860421845
0.2419269078073915,0.23806752345713308,0.21200080152844383,0.22247039967047819,0.052450076631147785
0.22185206642920896,0.22289644820265536,0.2152600977662995,0.21394227842086383,0.04745266979643411
0.21390820928751303,0.21525258274166642,0.2041923785439489,0.21955003273501256,0.052697683863090664
0.21954401460794148,0.21591606185057377,0.19535240088874145,0.19628946508042933,0.047093942166813244
0.1970676003175624,0.20441236338332722,0.1961407830540416,0.20481907895269397,0.034362080069496946
0.20446672464490537,0.21067676703201008,0.20813737198424423,0.21045207742855915,0.036350614379452244
0.21067693383875868,0.208523008922749,0.19780064521296079,0.20172361143971992,0.03156519556137745
0.20171931792792322,0.2075562279263799,0.20344476357734834,0.2024329260112092,0.036314143197333955
0.20274049808555558,0.19877205046753782,0.1513865995195641,0.167867799571183,0.05370348904124325
0.16704361943508453,0.16720065795053168,0.13941554171126774,0.16338781586395626,0.053637385753077506
0.16359564524029957,0.17346068985972204,0.16267784511539227,0.16763631263705078,0.04278093894725843
0.16702432672398307,0.17179105561862554,0.16614556439406694,0.16960251692045256,0.030585888885304724
0.17038473723149236,0.18797994872400367,0.17345709658370298,0.18877189283950263,0.03360986339715464
0.18868588125479,0.1849600308276699,0.1678990701653391,0.16949417860070967,0.028291565595996895
0.17004186038618438,0.17140610045999116,0.1520707775391289,0.15957116525570086,0.030007479278465306
0.15982112995183048,0.1628202319398219,0.15040185928035388,0.15863629076623437,0.02750922956261402
0.1592110976156803,0.1646254897865424,0.15810606336976515,0.16592237607302884,0.028308120594984026
0.16690410602835912,0.1687711377222918,0.16441322393760444,0.1644384483119709,0.02526556912181034
0.16444465498285823,0.16689006508385115,0.15554604848413286,0.1631325918822399,0.02775310214550799
0.16324091156728235,0.1662805420692014,0.16338317370041844,0.16712880644447256,0.02159024263888444
0.1676996730768298,0.17248369864440793,0.17072489780602337,0.17225725499009598,0.023775921194356474
0.17185862208718683,0.17008204724170894,0.16625280690555197,0.16498750158356235,0.02023422658155925
0.165198665154749,0.16179367060993646,0.148989697676775,0.14732726860432258,0.02459509749822067
0.14740811845771726,0.14829660133604777,0.1450812531215656,0.14903081477572067,0.022894914566023515
0.14932431516860398,0.14694339844108428,0.13050442794921222,0.13344126966540246,0.028360577825648395
0.13307118447133706,0.13022489828858705,0.11516261307796151,0.12839903094644442,0.0362460442060827
0.128764401981999,0.1344313518518054,0.12203673859443019,0.13350611904753854,0.020679945274768644
0.13356722891860529,0.13303323538563883,0.11870781805792714,0.12018192588440647,0.020137891601112016
0.1201321385830969,0.11888829425523297,0.09945801586126433,0.10056826286318458,0.026439827395930857
0.10204190984096928,0.11139113127063403,0.08875850674453441,0.11242083877925303,0.03987293404146095
0.11248736919562143,0.12099204080391536,0.10670927483907483,0.11045166374203273,0.02610927886046186
0.11074140783073849,0.12171616889816003,0.11276676581357584,0.12001246249341223,0.026614947423990006
0.12015143129419836,0.12431483338189725,0.11649502495528546,0.12700755884081175,0.019315211146069898
0.12680456112901878,0.1299371894133217,0.12269886633828739,0.12529985361406773,0.022153523999381197
0.1252616515623813,0.12255259516060618,0.11719567062222656,0.11799996517062862,0.017427170990170607
0.11821578967576647,0.127944858140826,0.12037235576025725,0.12982093516436438,0.017809690960158154
0.1298716673471682,0.1275445805336772,0.12511449985341672,0.12494978288238923,0.016214874731948006
0.12502105072724,0.13571150255264341,0.12729707891606706,0.13825052882757802,0.022520685225155095
0.1382073795992449,0.146155972685458,0.1393141989391025,0.14821911788360762,0.025805144213930212
0.14781629482482242,0.14745813872589014,0.14579715698932247,0.14922076912232174,0.020772176517803928
0.1488820033134117,0.1593482733319249,0.1506993978835979,0.16226152338820252,0.024660690189836756
0.16247650855252174,0.16241485634329747,0.15336664053136692,0.15393816677983568,0.024897551552680308
0.15400423985319728,0.16130662750204564,0.156193987354926,0.16393242025056093,0.021786332137814318
0.1640854568808258,0.17129089729225722,0.16704723630365487,0.16657975317288112,0.028266949006914337
0.1661693885675698,0.16341663973599413,0.15567895486165886,0.15599489935155122,0.02678188623647638
0.15560430280816911,0.15788423900871995,0.1475230077325332,0.14582405268066728,0.02289183639825273
0.1448680757715521,0.14983791719093284,0.14443391897405275,0.15021795698456702,0.022035390922805508
0.15007239692664012,0.15144048011929426,0.14160068716052215,0.14297595476614303,0.019694482263154352
0.14278043339056168,0.14161252493627868,0.13948757752836205,0.1407746986440268,0.01624399478259853
0.14089554566237905,0.14965856195019006,0.14091742360055193,0.15119142229071025,0.020748044266019904
0.15164870274149528,0.15554238217973107,0.15215987835220565,0.156517230330258,0.01983196111357286
0.15600208633240445,0.1586235471495412,0.15438006825301948,0.15165441065045676,0.01974651059271701
0.1515165962283633,0.15807672370813403,0.15376990246322111,0.15986200930027542,0.0208323539682991
0.1603094631126179,0.16007008027458233,0.16128229127799854,0.16187125328534066,0.021696579476315793
0.1621573888473304,0.1650162834246293,0.16358254064138159,0.16785593104739094,0.019046663620201985
0.16802770714515217,0.16478879632888765,0.16560184441835743,0.16819574180978397,0.017318783013456924
0.16854720433964968,0.16758124136967353,0.17025066201015238,0.16909648885904258,0.018414030118636387
0.1680677710470939,0.1646065218484186,0.1589291949996587,0.15732301469769808,0.019450125342961852
0.15773424130560884,0.1562860620600448,0.1437929417956569,0.1452389446017564,0.025051130241733114
0.14508136821622372,0.14488151806213465,0.13841237953603155,0.13677223825303425,0.02045855352853239
0.13711450766917993,0.13495046387610374,0.1259847556511269,0.13591957394118964,0.02478409408165218
0.13616307696746058,0.13589786396872922,0.13074894264531986,0.12892211548221733,0.015330448565579635
0.12877420053399344,0.1385309185204612,0.12740582586107863,0.1394970281468667,0.017923465001047068
0.1399085009928338,0.1418207592900208,0.13268156450234006,0.13395441304449487,0.018382288519415205
0.13352774481263957,0.13500923315586122,0.1327081575773239,0.13380200612786355,0.01705376881571263
0.13414535798117597,0.13333915746875732,0.11927222399462657,0.1200750801873139,0.01832766781822758
0.12043225547517476,0.11981439101795362,0.11495961779731671,0.12053585135030802,0.019456564694876655
0.12090945655322295,0.12210085349311245,0.11831648834884716,0.12109216485440229,0.015054236256077743
0.12089461377623731,0.11862130486192717,0.11540924430555012,0.11483785857748637,0.012594625569409853
0.11449158618311492,0.11714822801566771,0.10914393501351041,0.11939054605011572,0.018900265377484626
0.12122427127329245,0.12342372477531038,0.12099113516946246,0.12542969729316028,0.019156475431865567
0.12531419557270645,0.12889413793903132,0.12412492182796431,0.12962653193277657,0.018109866295159045
0.1300313866436573,0.13073657693172877,0.1310186934763678,0.12986114902702978,0.017201904545546102
0.13006047790675315,0.12961872171947716,0.12676816728605014,0.12688126557481938,0.015740949226488332
0.12704456767328465,0.12639479880695595,0.12368285436073434,0.12912422818225128,0.016948288321637413
0.12950401871878556,0.1280944656167485,0.12829058026816711,0.12598572096761373,0.016123355406387672
0.12521236890442117,0.123513252873647,0.12501918956470592,0.12342832218284361,0.013004157555721488
0.12351524810306666,0.12129782048509598,0.11704962257536579,0.11917865159970371,0.01685403219857092
0.11908512851473368,0.11696260708965879,0.1151745379260616,0.11359373586125251,0.015307455673524985
0.11369467835644972,0.11536019368333213,0.11535411861628107,0.11539581686479235,0.014045323733208678
0.11580591118621371,0.11348553625219239,0.10436206355070646,0.10369089465924557,0.01810827031622955
0.1038185931451306,0.1030205032795499,0.09835924841035137,0.09960741963789957,0.017903917906278953
0.09967790046056796,0.10201711786505223,0.10107165356261318,0.10083922459439808,0.012956829632110234
0.10131921589923229,0.0998750295945993,0.09598711809803115,0.09892050889764656,0.012896510673428447
0.09897108568112371,0.10096167742216748,0.1003627040125795,0.1024755520263463,0.012330466256174412
0.10279161502773825,0.10672840053820092,0.10422780023313692,0.10800036434303005,0.01565350446139425
0.10804819029516342,0.10583802530159406,0.10017088873794565,0.09906311232667675,0.014047347154392601
0.09902734038569527,0.0980212198071632,0.0977682493986681,0.09843437764107967,0.01605132482170406
0.09854213087572858,0.09690818490050837,0.09671403972896765,0.09583527237099387,0.010715961425009529
0.09578953498476123,0.09972322912883366,0.0975524221850028,0.09991266096988241,0.011313746712061106
0.10008607682767313,0.10061302051749527,0.10192438713454366,0.10158104356010662,0.010390256262525842
0.10193162539888406,0.10158344700347374,0.09802788217678264,0.09782982199326898,0.013927847137911118
0.0982375568020852,0.09712574658118073,0.09866463366689068,0.09877997775054832,0.012157541793278784
0.09895045943927745,0.0985242973732578,0.1003779548387211,0.10076191253770624,0.013209335673235241
0.10061150968347495,0.11209879058076445,0.10021060873291597,0.1144278510760839,0.025359825244876833
0.11464847172677127,0.11625071132187685,0.1145953310183437,0.1145274220491916,0.02210650972793616
0.11425632671840254,0.11562004161945393,0.11591037553804509,0.11586711608948969,0.014775147099730362
0.11610662961661668,0.11850304005252908,0.1182261707145357,0.12095506094280689,0.01492630264344323
0.12112705398301638,0.11898031438748227,0.1171145639559281,0.1169419203295497,0.01602850115593444
0.11718020883558018,0.11773807108250431,0.11644986982546682,0.1146183850819666,0.019645901189725513
0.11529176260959483,0.11645252334822118,0.11651465633787197,0.1184963346592579,0.018588891930726142
0.11848058249800643,0.11792370624870702,0.12033232602897263,0.12043864248877309,0.020108430180196868
0.1203746672398584,0.1264036989280726,0.12192965832577647,0.1286228084121305,0.024025948653944723
0.12871497437504487,0.12811474365270067,0.12808593306051277,0.12936106247325685,0.02149131528681224
0.12984702601818815,0.12817408254020962,0.13001100325120368,0.12797922720318183,0.018873794593503176
0.12790752150906615,0.1275457482295677,0.13014994211218414,0.12988488607461388,0.019715168717651842
0.12998477104718675,0.13883306695222622,0.1322496150880435,0.1412609748154141,0.03041037205078413
0.141364586112065,0.1390184030743594,0.130316536001226,0.12862147519578268,0.03156234789147765
0.12899001509116068,0.13225513695694277,0.12921776855031303,0.1350879802442335,0.025543062299228227
0.13527310463919742,0.13362525720212481,0.1331440303182681,0.13071840713868157,0.02154186142753361
0.13005794129935816,0.1341592502289302,0.13231244731179898,0.13608177709968106,0.02222338819584698
0.1361010387980284,0.1359003417624481,0.1362652874053896,0.13712942430239516,0.025208099291875636
0.13728401102276402,0.1351078037772524,0.135859001857134,0.13448016401296345,0.024697844112484296
0.13469185917325574,0.1318814030710123,0.13169411038304274,0.13267659763251435,0.021959940800086487
0.13251189877798644,0.13189073039794255,0.13356828057275238,0.1344114598966043,0.021518696391499365
0.13443211057600699,0.13979138927348606,0.13618131936552105,0.1419489289423741,0.029066919586275042
0.14128250149676255,0.13951243811739947,0.1421895696407245,0.14130934738246892,0.023398301492398337
0.14135345402932575,0.14221447216783395,0.14383825179363272,0.14364491056014653,0.021785904695559893
0.14350609153922597,0.1418592505338261,0.1403664469454791,0.14062733476314596,0.020561670690006337
0.14054288475997603,0.13785956458438983,0.13683650016632923,0.13644577414560152,0.021051010375876485
0.13661252031315768,0.13489797452180619,0.13526936716016844,0.1343951424878255,0.021113268142599676
0.13428013155579754,0.13361490458124192,0.13381719057465327,0.13573601033816893,0.020574806150958056
0.13579750110969213,0.1339252126440467,0.1339516013857058,0.13156262291649592,0.019662483906811055
0.13174542299261163,0.1289224332040854,0.12419394877800555,0.12262269722170596,0.024169582381057517
0.12266877496790302,0.12326318083055976,0.12161188361666564,0.12356349872732747,0.019419381595283423
0.12376787970471001,0.12484808591862573,0.12420391933745595,0.12681405408111052,0.016698288580147574
0.12670095158810726,0.1264166717446122,0.1237938579560357,0.12670794744960207,0.020965901225285258
0.12658355739786634,0.12576150890887627,0.12513020790935558,0.12364496983936524,0.01908980173441149
0.12360342057611712,0.12098211538884607,0.12088677615556997,0.12154447299188413,0.019245117910580412
0.12160913984216237,0.12006506114917993,0.11905368290087419,0.11747093912721865,0.01668731950741368
0.11747958648778864,0.11756542297303503,0.11785598419624292,0.11979551051576771,0.01640711870943533
0.11991232343369526,0.11899357200789763,0.12100548628535779,0.11973926907396433,0.013410240827052018
0.11978259408406489,0.12176925634059664,0.12133610030216324,0.12368756030508546,0.014774092353143501
0.1238694019801079,0.12169794145011312,0.12375081935769802,0.12228881347546793,0.014671318020781463
0.1223486116299549,0.11974002872599976,0.11830546321099335,0.11669128290189952,0.014620087680683553
0.1166669444478247,0.11436526694394372,0.1108036349295983,0.10950966668914279,0.01847836820158761
0.10960237689353411,0.1097564923057682,0.10813427575034833,0.10994772245403674,0.017219257533997983
0.11006517004157863,0.10859781045793028,0.10906327820233508,0.10835695624162724,0.013853108932667047
0.1084945099900398,0.10766485704190135,0.10840583337656295,0.10651302383795132,0.011527245365063325
0.10664806998251578,0.10455277661138043,0.10722535453607124,0.10669614545076976,0.011541434843178265
0.10678506852419527,0.1050968232149992,0.10465673340570626,0.10325002030109454,0.014345385278121358
0.1031953414607276,0.10666248980125943,0.10450252896923591,0.10824491534822275,0.016117827834025825
0.10824589347553029,0.10735294695729558,0.1078693627055426,0.10726448688495854,0.014008995518124298
0.10730218855519116,0.10786520944838254,0.10858722086194912,0.10856514811837761,0.014591936304630092
0.10870557746765351,0.10780440382091358,0.10928514527412897,0.10926675322142079,0.0140059188092008
0.10924021458457436,0.10913282165859141,0.1106432357668422,0.11078035953769988,0.014056749425142694
0.11065576471763335,0.10999403297832322,0.11239190375187214,0.11192001315989597,0.01380732155178847
0.11199814459852092,0.10997842572593305,0.11029254051232709,0.10886638980131699,0.0142102420422057
0.10870854167458083,0.10836580922075825,0.1091289791743348,0.11063656056140127,0.014120687783937899
0.11056493243054298,0.10890826092267292,0.11071497659697054,0.11093661394281323,0.013352855610259826
0.11093376964067644,0.10979542499558088,0.11296250441485733,0.11129661858543123,0.012764587113470192
0.11144317838519152,0.10916723308687684,0.11156665559049761,0.11050538366596088,0.012028837909277931
0.11066214972081906,0.10895419266773174,0.11116762672160534,0.10912622207432256,0.010939375863006067
0.10868850247616027,0.1062706708692199,0.09873894088362313,0.09805671512759402,0.01652294243075929
0.09829470294296987,0.0976765074361699,0.09870208963689704,0.09985078234156486,0.013503897363884484
0.09987590078637253,0.09764413235559596,0.09621683919779449,0.09503454553078629,0.013244924252746263
0.09529037413412199,0.09361514008734678,0.0923435865876275,0.09158500763709028,0.014378864364458658
0.0915183809581485,0.09471578602540723,0.09308108350129467,0.09641445343374976,0.01462493105366886
0.0964362394163935,0.09433577933411372,0.09458250816078158,0.09316806438105366,0.011253284056921773
0.09319116482341033,0.09304396591456446,0.09410554373547521,0.09455672513917024,0.009084331914992827
0.09452819608641928,0.092994673483772,0.09557026464171903,0.09380155227276037,0.0088274661087574
0.09400187179430437,0.09579485094978402,0.09477598273709911,0.09729694121563594,0.011492084957230373
0.09745015038197673,0.09639795875713289,0.09875178019131776,0.09781809838429734,0.011542887855073857
0.09787123445699764,0.09638425257061325,0.09727104886749494,0.09791618398049579,0.011063092677564066
0.09800971872586564,0.09622939046318349,0.0988310726877754,0.09722156377179665,0.010038736797338833
0.09738320568909763,0.09529818859099032,0.08812930692075566,0.08763464412403721,0.014457106720880653
0.08776835480221577,0.08768261127495855,0.08911419465344887,0.08880383138663404,0.009760159696388392
0.08886938736064295,0.08766744546857577,0.08540783829396387,0.08896335362094777,0.01299569478262276
0.08898353469341828,0.08917799538478478,0.08983719295773773,0.0900903996537677,0.015656667242307548
0.09019440235204927,0.08863540128093227,0.08944435144045705,0.08778273982476116,0.009328203768463153
0.08768374807441773,0.08702905046102359,0.08882783605621579,0.08872443980226924,0.009375103520396338
0.08870434118862437,0.08688921175803874,0.08611225241939546,0.08495986433473028,0.009863988775337292
0.08491898371540404,0.08821981546546283,0.08554890106109944,0.08963215725438982,0.011284170771634105
0.08961064202106168,0.09119234199687462,0.09126506261725546,0.09238781400497083,0.01293001893671144
0.09254149618485075,0.09071610007597096,0.09239886714505369,0.09211803332954373,0.013626389476146951
0.09207691291673031,0.09437631404572741,0.092646715193877,0.09550673598162918,0.012511369154870236
0.09528711278175697,0.09419418908729311,0.09479214064816112,0.09425147656144638,0.013296011625810268
0.09460746144378841,0.09566040216014741,0.09483307008969198,0.09525995328820207,0.011883836512835703
0.0953323803525833,0.09533405963913888,0.09628585877316158,0.09587712377112996,0.014227538135613477
0.09591095150958567,0.09462537503505583,0.09608800364039913,0.09638699932102197,0.012274961493532239
0.09635653196459266,0.09700296763035228,0.09677808139928369,0.09910897062159733,0.011269496956220636
0.09916315034562397,0.09732260302008731,0.09932661391726488,0.09787656426859409,0.009631513436855288
0.09793535989194342,0.09663389740788692,0.09896956906830688,0.09739978001794403,0.010577256413448201
0.09740294774208048,0.09559945413074057,0.09287356754539611,0.09128896839620383,0.011529781571067831
0.09134056477975848,0.09089268559902225,0.09302082503881742,0.09224995653630927,0.01036848734334308
0.09232033300980491,0.09019479506182948,0.09009001891161209,0.08978812182986234,0.01072553511031558
0.08991951383237719,0.08893272228700362,0.09093309166040646,0.08992523298719876,0.010825916203707014
0.09010460645026602,0.08875249127434295,0.09123485595193827,0.09049016892310778,0.008313592988099926
0.0904786473292841,0.09028753432386499,0.09190377577068734,0.09172954567897301,0.009344445115284067
0.09173003547918791,0.09522046561330282,0.09342166070287639,0.09739978001794403,0.013448421778188006
0.0974094776942602,0.10463297738278682,0.09836286937535887,0.10599602572463586,0.01697059847316281
0.10595401796199327,0.10678746174193102,0.10736899106448507,0.10673412762520074,0.017373661930613946
0.10688733728691227,0.10619645097920391,0.10759538618620688,0.10815988657734378,0.014547771161932135
0.10821130864556179,0.10765770846462046,0.10801525588424624,0.1064870551021328,0.01404982573592936
0.10650914361921607,0.10536790666401866,0.1070962239917099,0.10745398474987528,0.010601418571601564
0.10747510545758396,0.10683062376929835,0.10892991459501179,0.10744211622608323,0.010512663032222152
0.10742924359588223,0.11023623731434336,0.10931173097443866,0.1117843801337278,0.01460717979990825
0.11190879079116936,0.11975489548831303,0.11378835729951213,0.12236715442738472,0.02071955006085453
0.12175178414715818,0.11964699753999161,0.11954061051095682,0.11876299966604605,0.016638510853808422
0.11874151967700598,0.11780179594969956,0.11640440495933388,0.11535278440886987,0.01394217885363632
0.11538036992962729,0.11739831429894876,0.11581612720241184,0.11851992679202158,0.014787825941481961
0.11862589386449185,0.1168177985590424,0.11990928522104892,0.11892267406092122,0.01134833744002937
0.11917151811515793,0.11753829540387148,0.12036857992709259,0.11931308907860347,0.0116858096647117
0.1194054368016758,0.1170022660293546,0.11699026382313481,0.1187494936047833,0.015800813207173192
0.11880608720638347,0.11621527459963878,0.11365892439351065,0.11281318840978782,0.015048965486426986
0.11268848592479701,0.11020036626619481,0.11075938688470006,0.11050523875114046,0.01365305948396072
0.11068693599879313,0.10937983918011145,0.11103864367072698,0.10964811830856806,0.01199045796225451
0.10961751681595745,0.10718336048949043,0.10809666491218484,0.10767805929094323,0.013167337420233865
0.10778487595266226,0.10624063830052387,0.10289235736473744,0.1017194951795319,0.012145118568924855
0.101735110800268,0.10048484453322168,0.10223733143208642,0.102248216901819,0.010466076522154385
0.10220799964574466,0.10141487870952434,0.10147974590603544,0.10051676738174982,0.011169258009261506
0.10065514657811878,0.10112338906280861,0.09933054461858667,0.09756850434335415,0.013325901583115307
0.09751634858753672,0.09529483502535356,0.09144630260915863,0.09093059404531552,0.01441328417934972
0.0909663789517464,0.09352866651057738,0.09179140786066826,0.09482486827712665,0.012141271998935816
0.0949124776118635,0.09302602327039329,0.08991029072790961,0.08913370823808758,0.012886765755922352
0.08918865926227797,0.09104988309823303,0.08967633656518434,0.09078116512824376,0.011516731498271244
0.09064117138880706,0.09038071503190791,0.09161666495669099,0.0911812314729657,0.016125207276248704
0.09149774746885254,0.09223553587310285,0.09143875094282934,0.0908084670804101,0.011619677108422306
0.09070069469319333,0.08860302620035833,0.08759237901993802,0.08935629740224628,0.015089340224756368
0.0897175056668885,0.09298563808081436,0.09137380218759288,0.09097096006854234,0.01393180758916632
0.09079820912890711,0.09130885526243694,0.09220433799033274,0.09135989695505635,0.012316162714437397
0.09149107256767881,0.09289828873212709,0.09293775670919514,0.09500887387034962,0.01420972939415205
0.0950907431321349,0.09340647140769417,0.09337212501661281,0.09268103465260019,0.011336284626118832
0.09270312880806061,0.09224909965768463,0.09349023042312035,0.0939024564622159,0.009417700994919918
0.09385997397662765,0.09223364192732923,0.09252936200413274,0.09097110498336276,0.010426157673601482
0.09089973140430502,0.09170796517369524,0.0925340449222178,0.09364558769728785,0.009605784020828347
0.09364831945558824,0.09631469634406238,0.092713315876123,0.09198284953931883,0.013284045203012372
0.09194273363298412,0.09237392207632146,0.09363809263982195,0.09432997691966562,0.0097454002648749
0.09461710779933914,0.09490272416934141,0.09556075131206591,0.09707643157915022,0.011659111574087699
0.09711707933611285,0.09591864807446822,0.09861645492067066,0.09771793326042592,0.009421775509797194
0.09763197440005085,0.09570167024174112,0.09740501719809849,0.09688796985519946,0.00937305228993605
0.09698126212873447,0.09730408364806778,0.09844654242826144,0.0995201664245272,0.011434528872949958
0.099657122022278,0.10058385660062022,0.10135589562836528,0.1026607459210967,0.013260766331300937
0.1026350266295196,0.10063838942272617,0.10269223820701102,0.10193184611162821,0.011796049465697442
0.10192331257407813,0.10004621808420544,0.10063622330211794,0.1009089720974642,0.01270033533045366
0.10088744183590384,0.0998199058044512,0.1019271083893049,0.10178968467280029,0.012792653010190563
0.10193890183838288,0.10251931965922893,0.10370763496666156,0.10409971385912063,0.011711054515495223
0.10408769095249239,0.10345285692320311,0.10512901491292757,0.10527899443895943,0.012319353942872747
0.10541537300538832,0.10362244339100826,0.10627671332682384,0.10509112686577236,0.01163044750439161
0.10517744647918632,0.10464784414510007,0.10699095051822284,0.10659879892015543,0.012160077452215557
0.10663886572139675,0.10465032905891584,0.10000399986193781,0.09815777147761098,0.016510462630484102
0.09763939578854366,0.0954157200304084,0.09414224748871829,0.0942452452241685,0.015721231948066655
0.09428165958997367,0.09250151421264981,0.09402368485241347,0.09332372463540331,0.012134547624732758
0.09326121867221072,0.09219470923751655,0.09101283401198723,0.08974612551490584,0.010910426588665813
0.08974659692998438,0.09091163929695228,0.0910687192926937,0.09085728888340819,0.010445504495990791
0.09090715279279783,0.08987224043236819,0.0924512715795615,0.09128525857680118,0.010565773917648036
0.09135703823292664,0.09022133166295089,0.0919596610513938,0.09115912471711127,0.010952738858545228
0.0911363243997622,0.08971023686775442,0.09203336354484597,0.09161320081540217,0.011563403214138235
0.09168892794448939,0.09221162658773507,0.09337983155109926,0.0940692534205145,0.011981340166724938
0.0940811371516735,0.09309660479089679,0.09491930952919865,0.09400099129435763,0.011597566454263096
0.09399192829331594,0.09259527876863796,0.09548387033405523,0.09445344434665989,0.009147386850579173
0.0943968433080561,0.09234169651778229,0.09497866828142963,0.09406732605340297,0.00931102278722394
0.09406109795325295,0.09228161714019643,0.09191903397150308,0.09056555361268809,0.011126176425384283
0.09060050594854024,0.09000639729803217,0.0920427293810161,0.09190256672880848,0.01189352439853076
0.09195030721792065,0.09094372245355359,0.09117624941647057,0.09230679212887635,0.01260941381315722
0.092351062196533,0.09212194184726678,0.09400979096631543,0.09410427208686799,0.012372265650055288
0.09405827869531963,0.09598718612716334,0.09552631158378679,0.09729887582848849,0.018594676716099875
0.09734119947063631,0.09628217886155058,0.09734535608422737,0.09710640720975323,0.012832571858743466
0.09704835177060757,0.09557626397515903,0.09829112854523053,0.09693797995972495,0.01194313090483383
0.0968917633723889,0.09480940105936063,0.09680314791671854,0.09522820245104896,0.011885603313664445
0.09539071507521878,0.09320655332712348,0.09379697999437736,0.09301804131321818,0.013449504698763052
0.09315168071744462,0.09294801548883004,0.09403909054671221,0.09373818826753355,0.012626395707331045
0.09378249873933443,0.0947881119696496,0.09505192091975866,0.09643522697325636,0.01310938243239903
0.0965055540253245,0.09585156964163623,0.09706624679168345,0.09595116799862141,0.014270818624200175
0.09597641047527626,0.09378195683746043,0.09575724213011066,0.09532539682110185,0.012416657917039886
0.09540659423751152,0.09379186801233594,0.09658626612464985,0.09567560522185972,0.011386888391307949
0.09563131591036007,0.09393068854146504,0.09632256252640467,0.09514228245402442,0.011383155793763032
0.09523635164405803,0.09332612111425304,0.09615370461239886,0.09464486957868816,0.011321297249717099
0.09465183757830165,0.09273730334136907,0.09488698633240049,0.09385081606596073,0.011059303093797088
0.09382138855442475,0.09320174014162359,0.09554972617421209,0.09495040798605286,0.010919971780860833
0.09495299810313632,0.09349790057190134,0.09644837446739865,0.09562989908750058,0.010444393264660625
0.09566990858001269,0.09356964266819845,0.09675632611054207,0.09512284213086564,0.009271160924893097
0.09519835326528082,0.09375848187800315,0.09644278446439317,0.09534009118389201,0.00940476512251234
0.09533950459563843,0.09424799565951596,0.09672974778490652,0.09607136759641531,0.011321867111937698
0.096124541099695,0.09404895335086312,0.09719643928912236,0.09592906124276698,0.010185989240730381
0.09593470140225265,0.09374098067983935,0.09616971502997787,0.09508158488149326,0.010775340749273016
0.09513987359365135,0.0929601196535487,0.09171091329232423,0.0901951658231873,0.014747251933731283
0.08998215354013446,0.08919447128899594,0.09160111176890927,0.09046731585592821,0.010763516108195604
0.09055849973007893,0.08890297452218332,0.0919536211932652,0.09063663433210205,0.00871352224892675
0.09071301535768338,0.08970061049675465,0.09226082061964534,0.09070993949400938,0.008774184082309426
0.09077461143268385,0.09847676360639797,0.09193655619728278,0.09524496909577107,0.02098476434862172
0.09535761597243878,0.09422655704777017,0.09665921640133873,0.09523858559793175,0.011593520432496849
0.09519597610177921,0.0931711166048854,0.09584484588433502,0.09447169636829127,0.011632328049719585
0.09448070354853505,0.09268014320350948,0.09482672786992324,0.09346677730037678,0.011164072263054062
0.0935269029307638,0.09160312174694106,0.09475528940143504,0.09329909636167363,0.010180461577190578
0.09327235075494997,0.09166203342863642,0.09481101981398436,0.09365197119512716,0.009611340177479178
0.09370531340002922,0.09251740626891569,0.0952188097957665,0.09355047285490793,0.009253694647831762
0.09364534800121124,0.09233396409255613,0.09502216410956459,0.09362185064970374,0.010448268327760692
0.09344215125397175,0.09178291131359435,0.09484530467410635,0.09345238725870948,0.010571615005409167
0.09353907864625984,0.09201593784471901,0.09511096993567535,0.09375065094208931,0.009741097805109384
0.09362456956292128,0.09176308184374644,0.0947812630037903,0.0934605459630989,0.009187989533796792
0.09338396872777999,0.09167034258171092,0.09482023078199735,0.09343769289591933,0.009403112522072606
0.09356801771291201,0.0918033317514844,0.09487943466607118,0.09352123628988904,0.00965157245025341
0.0935950362053937,0.09172852089342626,0.09479455954128223,0.09361042411611395,0.009799565668942757
0.0937388618446906,0.0917477736354258,0.09266619908298053,0.09132873302292593,0.01194999774459204
0.09143362928135645,0.08972657037002771,0.09271377310592027,0.09135307146701477,0.010756677761548426
0.09143289004148705,0.08949573682874619,0.09281556573320866,0.09110584678338539,0.011925294217329107
0.09115310224581774,0.09238267267540336,0.09273929685315241,0.09199872495789539,0.01078032704370325
0.09205524304212724,0.09019129197415796,0.09297415072612394,0.09215691397586129,0.0120496096607526
0.0921787395850156,0.09023809949113466,0.09320055322251991,0.09175357980193898,0.010407751123876161
0.09185561204014017,0.09007128274102101,0.09247860949663446,0.09197424159898614,0.012491680278381637
0.09182815145322679,0.09141223906932798,0.0935214990415151,0.09262019941098963,0.011878451542795938
0.09286358009696938,0.09116376192794483,0.09419420206810297,0.09323379774359428,0.01337502370653087
0.09338486016409309,0.09245587439156361,0.09510266605258279,0.0942596425115768,0.014062334530794333
0.0941829565725091,0.09223364192732923,0.09465288467619222,0.09312562607589489,0.013275924666368847
0.09300043368965488,0.09106037812105378,0.09366875653493643,0.09211506982146622,0.01236859003873243
0.09216225888439776,0.09078069359498718,0.09384908944191919,0.0924652782222241,0.010540756966163776
0.09257043525150294,0.09057611185095135,0.09331835626738731,0.09249569584302939,0.011206754943376866
0.09254267751915185,0.09073592954581887,0.09347392501857535,0.0919021247386062,0.012223132706924746
0.09197019421989751,0.0901681089386733,0.09320508127244782,0.09172732123647963,0.01281587489567994
0.09164439961353246,0.08982222175169259,0.08114386069799716,0.08251005031263685,0.021065029442392975
0.0825147509891676,0.08112072997807265,0.07833902137994295,0.08116976212157506,0.020019902129815918
0.08116658039596972,0.07940297812217106,0.08046194670339632,0.08009421157018991,0.015025572642271431
0.08017597722862176,0.07825917015674329,0.08077337919273839,0.07977932615690839,0.012244160622864817
0.07989634162939614,0.0793532513654681,0.08138023375384354,0.0808063519806773,0.011835369958918715
0.08080233806894606,0.07887452453074867,0.07055371062423321,0.06964647615193746,0.02004104401820011
0.06956858810532203,0.06911671654232611,0.06193272391790128,0.06341961674200829,0.023997967826256645
0.06365537215272586,0.06509384755740517,0.06301820220599647,0.06564995726858197,0.01742127341766617
0.06582285968706142,0.0644217673714507,0.06334534275127741,0.06214447500846443,0.013002704224703052
0.062099257732734975,0.06102095989180867,0.06077838092259612,0.06186505025173866,0.013863538095138659
0.06190614943547791,0.061264039999746694,0.0547291901438506,0.05494475531176726,0.013316498856475439
0.05497590973765235,0.05700290409238763,0.05155598216468151,0.05686213779217095,0.0194315193870483
0.05696914683885031,0.056802694087844295,0.0524449622600578,0.053436637644311405,0.01843785063299126
0.05327151249679903,0.05324206891333476,0.052703079542634576,0.054053804504368794,0.017075367049763077
0.054110426541925556,0.06086755740424203,0.0551416630437178,0.06053411631233471,0.020726930186912077
0.060738237411218934,0.06126302894598784,0.060024497482968286,0.060852073919809055,0.018513208549153674
0.061036346759729895,0.05995001187789026,0.05695938010281144,0.056970443506079216,0.017215828732852174
0.05710858414735386,0.059751710059314345,0.05736548865888744,0.05989976617744652,0.015299089677277871
0.05972490624161171,0.0596371263400101,0.0594991035725208,0.05878987805936385,0.01497821109393985
0.05893215845107433,0.05751486753940508,0.055413165359876296,0.05514316906101009,0.014484918692694148
0.05505776605828924,0.05634318083459151,0.05529692574592863,0.05607452574321099,0.014309681059319223
0.056135349493212,0.054796154661998,0.0541074608649855,0.05306365225665467,0.015091567172232376
0.05309524727264483,0.05341714141579621,0.05058999940917107,0.04960768739067323,0.016732347344582222
0.04951095217272733,0.04813299354685304,0.046952013653727996,0.0481064785372807,0.019459942541792008
0.04816501017031219,0.048037527287707375,0.048015618658295164,0.048940111910334205,0.015098812750970327
0.04892669901516014,0.05065152134005592,0.04980451180347468,0.05098970742714426,0.014079751933622316
0.05098715621232579,0.05009779852475913,0.0498203747275707,0.04933396503213082,0.014289449528681747
0.04928778145411458,0.048141665824869104,0.04864390770981643,0.04817549422050374,0.013365692748339063
0.04815829903188997,0.04844852064068062,0.048964573291193934,0.04910090214932657,0.011777485716629257
0.04914417323830867,0.04779978369239089,0.047222413456101106,0.04652965675346571,0.01235876691333518
0.04652995290446382,0.04546399318595513,0.04583910157779589,0.045473213221152387,0.012442511605770583
0.04552428953663922,0.044673972155011205,0.04560894537225772,0.045388285890647695,0.010103226899585333
0.04540966024845884,0.04511690270259945,0.046251084061832134,0.04562686278236876,0.010651677780996242
0.04565973712408291,0.049377237599058016,0.04654262705499245,0.049975151523672115,0.015395777701617321
0.049988461267387756,0.050885469923728256,0.050077503803811416,0.052203926970185305,0.016826352853641337
0.0523939333075229,0.05450141113100202,0.05309908848246256,0.052944282296207665,0.019388919675815505
0.052918924068893015,0.058028867334134024,0.053729571499543355,0.05870920397883837,0.02541931612251931
0.05872999808914194,0.05813387452311674,0.05557175035279157,0.05517897389026433,0.0205153281094621
0.055232744860121696,0.055447191401584266,0.05564413646690801,0.05692465042282782,0.01595588192922075
0.057057083769785515,0.05649039951800629,0.05746660650349113,0.05669905789901601,0.01751004510124229
0.056750389817104875,0.05920364772104775,0.05782796922416379,0.05788054480699563,0.020614919496336162
0.05794818307647703,0.0565463634795878,0.05419846803132995,0.05397620624090664,0.017529795964493937
0.05406881893319774,0.053685355465767665,0.05434713408751387,0.054596590209977244,0.015160139673399974
0.054588638639206884,0.05340913486683967,0.052468048677483455,0.05159216905579994,0.014600747098285561
0.05159697837243465,0.05460075784295455,0.05242551155698795,0.055585199114853934,0.016029197880882588
0.05574345452185792,0.054711913235604655,0.055110530856794814,0.05404918534446804,0.01420592817664784
0.0541091618619529,0.05381002124227285,0.054760292832076986,0.054725024592441274,0.013576010051467526
0.05476898780126706,0.053326395780890816,0.0536826427605917,0.05289605102110277,0.013266182318941368
0.05298598834469216,0.053066412562928045,0.05340117357231988,0.0543921407584641,0.012304141442400768
0.05450741647041875,0.05448184510473917,0.05506523192083025,0.05587442735918084,0.014927376366442036
0.055722034684269506,0.054302543264723085,0.05519834478923244,0.054291548135872475,0.012891140072464575
0.05425247293232112,0.053285444543608874,0.054558429563914164,0.054602821547255126,0.013796509382069083
0.05454834644259962,0.0538536816764227,0.055359606788864056,0.0544169900272949,0.01462179626438784
0.05431895378841941,0.056600839340918606,0.05520272903301444,0.0578513625850344,0.015930819978566244
0.05791188422465448,0.05659086764521951,0.058138527814619125,0.057088857028711484,0.014881128630916481
0.057168071214491634,0.056830120701077375,0.057776973352418576,0.057171951186737915,0.015103282773023188
0.057213784503474516,0.0562378390010548,0.058165242571726436,0.05723796351030783,0.014559953109471174
0.05725622556891784,0.05617459830044831,0.05267535814250583,0.05194966304915423,0.019569721791528303
0.051906948172379695,0.05106821789064072,0.052583156278949134,0.05207492017418064,0.01576466361255255
0.052099277368794,0.05085089473321429,0.05259434734697131,0.051688142518490826,0.013597642898949254
0.0516821214115105,0.05049774504740239,0.050949842946968894,0.05008033794607093,0.013321634642862002
0.050174731595852846,0.05127169957970653,0.051060971911730806,0.05235221830591681,0.016085700124657074
0.052355213807500536,0.05115966841513855,0.05208292475670044,0.051233678773055305,0.01576033105551385
0.05127604680481832,0.050658395793606426,0.052154274729098844,0.05159474129386232,0.015353634187886604
0.051578265457309196,0.05057613731419787,0.05211330841419723,0.05194431206941037,0.015552981218721198
0.05196594966038757,0.05061090118727952,0.05234166888657994,0.051636773837523936,0.014238141946609145
0.051585788310097816,0.05171932583119592,0.052572706365679005,0.05268634116160853,0.0169527651250507
0.052670322049282896,0.051498474665758846,0.05152516340140989,0.05079352174326533,0.015889397035668294
0.05081388780862254,0.049536514166561636,0.05115539723954364,0.05042281876403014,0.014242089188458073
0.050438491656510556,0.04971012348911152,0.050871217858521806,0.05084640116123505,0.015123314145254302
0.05089083760581251,0.04974397242974237,0.05125775034206741,0.05055771634748471,0.015465607851664735
0.05057829496122396,0.04964218352455543,0.051314822945311984,0.050791322660865515,0.01497869875638444
0.05091804815571124,0.04959610937755875,0.051413064666997285,0.0507750052520867,0.01498718540955952
0.05080412911760146,0.050208629953000586,0.05168112669766495,0.050814990873909935,0.014509457646597081
0.050877926274171925,0.04959237132668975,0.05128692824034072,0.05054054394126545,0.015855955828072796
0.0505750734698323,0.04921440098310773,0.04935350623117527,0.04885605769162252,0.019668839885033672
0.04886202277403715,0.04760038893894185,0.048773340615817916,0.04852464474307258,0.01678598956954259
0.04849135195912958,0.04787904105095891,0.049204814363631826,0.04908949735295985,0.01695111607770191
0.049107508390276264,0.04801946716193746,0.049484646374242415,0.04866822634714056,0.016598045527331146
0.04873848637017545,0.0479778964762258,0.04923809626806945,0.049115668969526946,0.015434752826990491
0.04909588348095743,0.0482889770695435,0.049781561817520796,0.049607078748427486,0.014433780986549507
0.04956363388459678,0.04826128345267692,0.04948477543104004,0.04876053708774544,0.014354894910913811
0.04883740681113103,0.04760269941038373,0.0494041628679096,0.04868842747310653,0.015177722681038576
0.04865542334916351,0.04763075971224031,0.04954538050320232,0.04879532026751575,0.014878062510033041
0.048865313116200966,0.04749869971511141,0.048739291745268726,0.04801492859948302,0.015603629589875634
0.04806139338195099,0.04689870695015337,0.04867363870865097,0.047802784171005794,0.014243843292756542
0.04786022954435236,0.05080183726561929,0.048625386215689445,0.05176945060135563,0.022024344340261678
0.05187088848639724,0.05057329995558588,0.052484826061174036,0.051835089769262974,0.017531580636201916
0.05189486667372976,0.05079341063094605,0.05240055934700242,0.05211680780302183,0.017883251895588627
0.05222751736751102,0.050801823025425505,0.05242031241171241,0.05149715565379431,0.017868434141526165
0.051442912086711604,0.05040772922242856,0.05206189587336255,0.05157280481292188,0.018447779148707585
0.05160398665629457,0.050424639452550206,0.05204210224794475,0.051254383478022206,0.01832958770399395
0.05127100620355196,0.050082109391254695,0.05189788680761017,0.05102897934347694,0.017851304037586006
0.05106614979033117,0.05010454481656555,0.05190557121807417,0.05108729669008277,0.01734101468070799
0.05103500749897018,0.050178127457909595,0.05201225694166089,0.051220506015879505,0.016893079670802308
0.051303500144282005,0.05058199003384418,0.052071339143611256,0.051874155181976564,0.02004090868447065
0.05186768148990498,0.05431683329918798,0.0528385928674725,0.0554634525513521,0.02821473923322064
0.05543427831765503,0.05539902394610094,0.05643576348883403,0.05592911096666474,0.028287140271087308
0.055954123389738125,0.055247472683726574,0.05670903941412553,0.056711527819312796,0.024753274462517703
0.056749277333575925,0.05538633949348549,0.056918391663887374,0.05603333732837831,0.022136906378234643
0.056039045381598124,0.055335722724670855,0.057080121955327495,0.05679620154888175,0.022283352854090353
0.056729379460424514,0.05766515854462933,0.05735062869047578,0.05882918620440164,0.025405437233561156
0.05890446594577055,0.058311948146418734,0.054707276299614756,0.05390107152939154,0.030739259674372903
0.053880845454053146,0.053982064143506196,0.05490805180334049,0.054973488297785214,0.02653529665024049
0.05494499574095692,0.05365938847239772,0.05537601175151008,0.05455296722616158,0.02258165789558462
0.05463006868541705,0.05361890360146229,0.054606836925032834,0.05450384110204061,0.02363616140201655
0.054493251329980064,0.0538705278256723,0.05549434577291626,0.054559310872425285,0.023916699199416296
0.054574814128904095,0.0538958575703703,0.05558301885489232,0.05463051476943659,0.021812426467963532
0.054597984225595066,0.05341191170462807,0.05528753041106191,0.05470220775396681,0.02157746686356912
0.05470111181110151,0.05342468871850314,0.05535969159761678,0.05444638962148676,0.020650791328713242
0.05444619363907782,0.05330654851080068,0.053801692125390405,0.05317587067071418,0.02571007837363447
0.05318071282323232,0.05383929908069819,0.05397437380794284,0.05517647048674164,0.02897239890752195
0.055217862222162704,0.05406668649508333,0.05588158622518023,0.05528876860395236,0.026126407576787514
0.05531142679778997,0.054356324916606795,0.056223712108333386,0.055400682696888984,0.0272914167762187
0.055457495522769046,0.0545175844310952,0.05593849289825644,0.055247054872895676,0.030295939613880028
0.05518033130389115,0.05505428309472006,0.05619769425793322,0.056169792746152344,0.030744605172905955
0.056243398097064766,0.054747136354935916,0.0566808607841995,0.05599596741906358,0.027659268788976406
0.05605884179045373,0.05475020511669694,0.05615009811097102,0.05530783214857807,0.028834992270044033
0.05531697109681049,0.05417428183928678,0.05576224556075262,0.055366135003701855,0.027934567723311123
0.05545484657990369,0.05417003114144146,0.05619035276981719,0.055329942527303014,0.026963801053763878
0.05534396422321822,0.05446031037168532,0.05633221200176093,0.05559188331094561,0.029846177639941664
0.05565694533851362,0.05478167594496543,0.05652430382667539,0.05613414007745955,0.02675017613069082
0.056209643100086915,0.05636372231412874,0.05724385815813634,0.05743724674847314,0.02806643353913056
0.057453754810491905,0.05602958684707046,0.0579197876046647,0.05708857082194117,0.023409116086881475
0.057190281024097345,0.056283817026743434,0.05796065804880237,0.057196575837597075,0.027470321222243795
0.05723070367479921,0.0564392523019731,0.058182606242011915,0.05777060155561667,0.026609731737221493
0.05779624391724095,0.05654491097982156,0.05829283549652757,0.05801227600162412,0.028977499097464905
0.057991573557831064,0.05666007854707105,0.05790076094535846,0.05714938070345815,0.030844642046721663
0.057168701742615534,0.056026446884340504,0.05814832138188993,0.057069862318625486,0.026347640741765023
0.057082594792729584,0.05596776660579419,0.05806407679174077,0.057245828762185896,0.027276272773185634
0.05726739026518072,0.05583386250356993,0.05791649112531978,0.05704315089435234,0.026039673224732118
0.05710336598356985,0.055806756294697044,0.05682661015675721,0.05616618436712399,0.02950149451833613
0.056288734518663244,0.055022830066693805,0.05698854693907353,0.056492800635118176,0.030492655684869384
0.05651161533928799,0.05650997622441448,0.05748782344101983,0.05800618957916666,0.031032466560332338
0.05804546197007557,0.056624239539358516,0.058431114324171626,0.05773969122442198,0.026635363977493266
0.05775922394417324,0.05689544759007361,0.05833793900362717,0.05817399731833765,0.031093822551433857
0.05811302269617916,0.05956840316479575,0.058637173781925636,0.05829695029771946,0.02771460370133442
0.05831072587654603,0.05688848413531194,0.059244194273199144,0.058278314251813984,0.025755515354781537
0.05830933436620363,0.05764572068011056,0.05928649171678478,0.059061513644492275,0.028925863263355993
0.05907458533257914,0.06845097324260667,0.06016876085868483,0.06977094349119262,0.06071634995294003
0.06980648564172522,0.07429905058574321,0.07106285812752891,0.07115313380257762,0.06523206289190972
0.07116236752140394,0.07074333115799317,0.07046133545583401,0.07040785861840215,0.05198823311654434
0.07044247109525116,0.07060261668309044,0.07171034714319893,0.0720977900424222,0.04795792571987901
0.07213435199047254,0.07282362410750895,0.07280881960714591,0.07244111498921033,0.04822140096765553
0.07252027868699865,0.07325181961457647,0.0736876816495888,0.07450495563286726,0.047439609682665196
0.07455435516725623,0.07447159901385599,0.07516478463372998,0.07585346049424661,0.04886055398935313
0.07589142991496338,0.07404991127534898,0.0754548748160828,0.07459490426189935,0.041931002965217436
0.07461773411488291,0.07597084221619842,0.07584700836464511,0.07636958187289856,0.04416055064275831
0.07641335500511039,0.07498764227639332,0.0731875238740816,0.0725104205020742,0.047155248089820065
0.07249663025862749,0.07132828271826407,0.07225951700310507,0.07288216324514586,0.03894806473050224
0.07290702434534087,0.07167602825053393,0.07385649531554972,0.07298674102529892,0.030822066772496756
0.07300956851114647,0.07250565482044696,0.0737353515432925,0.07404234405165384,0.029593053184334864
0.07407176198663123,0.07268925363893818,0.07328981797921218,0.07254930839413277,0.03500162282281652
0.07257643917472412,0.07330663012046126,0.07375991658288517,0.07504900209741333,0.03308832505121996
0.07509314507285518,0.0738218118512745,0.07623702538172646,0.07529204598847371,0.03542424864734328
0.07532091067457773,0.07448836684203976,0.07670977886809334,0.07598129710307643,0.03775501146007373
0.07601367989650334,0.07473179583472556,0.0764504263275965,0.0760618262687815,0.039247334551585286
0.0761028307752633,0.07504983632275648,0.07739503359008401,0.07656745581443533,0.0375075704569406
0.07657361786032696,0.07507074804733217,0.07681297268347018,0.07622088477566989,0.039109443759164746
0.07622653024674325,0.07598595106180604,0.07715940537632676,0.07747975982062208,0.0415877387264591
0.07751593851777337,0.07906441751489358,0.07880765979813431,0.08004691137280619,0.0451940447167313
0.08007101241461635,0.07918460475045286,0.07924345879233702,0.07845175424133809,0.04855829839795975
0.07851275999696396,0.07772923558516709,0.07566511202674261,0.07467736804045697,0.04366389427644095
0.07470974773627437,0.07541647859218123,0.07560514855123136,0.07569879290641682,0.047886073653083935
0.07573637072863143,0.07435368308920567,0.0764549691268727,0.07553471310100102,0.03734124805587031
0.07562171607437711,0.07457944000140225,0.07678796516342852,0.0757847273949234,0.036511293255445346
0.07581633184117177,0.074361337193366,0.0761959779454092,0.07522400123454746,0.039119833626786935
0.07526518503383428,0.07511934270862909,0.07631230605544666,0.07675799706605907,0.03952863540874496
0.07679678857893969,0.07591765509240529,0.07817690391810997,0.07752920475734795,0.03896037923654172
0.0775613148003452,0.07743795242126127,0.07888028558916062,0.07905151320859302,0.04170977260966067
0.07909204140403693,0.0824485924481928,0.08032996953481318,0.08295433016906766,0.053324473877775176
0.08300534535426142,0.08275498445770625,0.08267502741832984,0.08388739322327896,0.05003922034150313
0.08392360447870377,0.0819816920944132,0.0836199812905024,0.08336120751034913,0.04217811335138604
0.08333917013489409,0.08153103268164724,0.08279915055894353,0.08263554654711694,0.044823245900841906
0.0826550036357624,0.084231913276385,0.08412384115243274,0.08386267075491602,0.051345994954811694
0.08419690580689156,0.08425820067411516,0.08492914819490646,0.0861324281126428,0.043636318335860604
0.08616854550798346,0.08707336594408763,0.08776254225126834,0.08898262729206308,0.047807824079356916
0.08904071707155145,0.09074187482672479,0.09046909928692942,0.09201459313073092,0.05531641405477121
0.09206633164016828,0.10384209126007037,0.09370392635595638,0.1042706843642472,0.08223581341033075
0.10429440996028608,0.10633369796691959,0.10035048417751344,0.10082203769669676,0.07911801557152433
0.10084600091851913,0.11425959046585303,0.10159667873935317,0.11332477395456075,0.08169475730328576
0.11326504229078278,0.11748657502003838,0.11365078275324937,0.11598843877714181,0.09125072002534285
0.11595886136468296,0.11672409808392628,0.11671246722258954,0.11911584551653549,0.08074434319741303
0.11900350773621204,0.11824646024088131,0.11415247446097972,0.11436343643840907,0.09448681187266536
0.11443823770587307,0.11253501755712764,0.10370876329180648,0.10633518437033702,0.08565237270753046
0.1063450468631082,0.10550835769533634,0.10693151064457622,0.10525655437901803,0.06082815334758527
0.10525110955793734,0.11738783351632179,0.10718008878614035,0.11900486974706107,0.07378720626295743
0.11903946958162355,0.11649871853686505,0.11338482250471438,0.11574942351808898,0.06792042426909267
0.11578957543458987,0.11447474555377544,0.1158701983132775,0.11552710969208908,0.07157848587566325
0.11546782490515743,0.1135333975435093,0.11243641728503977,0.11132371765684898,0.07041661692764246
0.11132634949602718,0.11274858486344284,0.1111860044095864,0.11431799115072666,0.06966905640860083
0.11436060302468644,0.11562018402139179,0.11558487954509952,0.11588390447143486,0.07383480386531666
0.11599612775104046,0.11528780365821771,0.11772241409804345,0.11685101526270286,0.06339973225299778
0.11693598427558888,0.12359361028718505,0.11709856091302323,0.1260613375209067,0.07599698393557468
0.12612167742848399,0.1267966001148399,0.1283359640128844,0.12802846925915914,0.07962093574654874
0.1280317283020251,0.12533609735969406,0.1278227014414132,0.1267550157832731,0.06901317760875651
0.1267824709023331,0.12459002512682416,0.12552709812274446,0.12585761626636616,0.06686639464298752
0.12593894023174768,0.12827141426474134,0.12157825510254298,0.12081204450653853,0.08331560607433385
0.12087050875853503,0.12212285459251282,0.12084238061718874,0.12459649504169751,0.07225646777329371
0.12463394994386251,0.12269069655994905,0.12550972339044775,0.12444089999901706,0.06405932052537809
0.12450977214070233,0.12536944789354237,0.12671281298188247,0.1270962612023883,0.05772790187712598
0.1271261594620075,0.1244099009156169,0.12132017100599989,0.11917263763465645,0.06268084630051432
0.11924818163808475,0.11664479444472846,0.11165861777714445,0.11173483375662763,0.07010392889422039
0.11172820608699394,0.11213698278050023,0.11323207825372568,0.11346302269323745,0.06198678838449038
0.11343943042546469,0.11265452126338515,0.11176407561748523,0.11343025745234143,0.05547237311815499
0.11354730871424949,0.11540777729087019,0.11504002386957095,0.11672350471221898,0.05452301728916557
0.11666241479176219,0.1146894378353998,0.115783671261479,0.11539059268551637,0.04706152510420336
0.11536960746682276,0.11321787044968172,0.11194151765220131,0.11144259128403608,0.047312275129142156
0.11154922306920223,0.11403352026939316,0.11199454893401184,0.1160761919466446,0.053234706647748986
0.11617956070294799,0.11395309165488618,0.11480486763495928,0.11499863432499668,0.04872711020225036
0.11500980782646522,0.11643573415974671,0.11615746399543098,0.1182357198462221,0.05421816850269631
0.11827687118183824,0.11811147744397771,0.1195512005430358,0.11949804386390017,0.053178096620234094
0.119543747131751,0.12393068991430872,0.12100613525668295,0.12636728168976857,0.0564883002033164
0.12635432056385468,0.12609598258053697,0.12757612183654363,0.12851218043822507,0.05232793649428587
0.12860588576216017,0.133047774623495,0.13053880868009815,0.1308287887573923,0.0665104311899032
0.13079494895425267,0.13422220612566096,0.13317233431765468,0.1356643789424374,0.044326839248149605
0.13593860895535154,0.13323014878532055,0.13341364840518136,0.1321238780159664,0.045139629792791534
0.13212788540818113,0.1325192355909099,0.1344028281982297,0.13496943992113336,0.04428084574525653
0.13501232690409126,0.13681797985005947,0.13685091027961774,0.13873325458586513,0.050834300710902613
0.13875290963306486,0.14484005061782793,0.14126999202230106,0.14789497241330152,0.05874736436470949
0.14841332523621076,0.15960849863318202,0.15005954165567284,0.156162449866916,0.0854488177969631
0.15614296225967347,0.16090335945420164,0.15684185247897767,0.15844294541283557,0.05981391239640597
0.15847406097098699,0.15827498992622546,0.15766244722096373,0.16075388756252454,0.05489408060660466
0.16075180395760896,0.16884720883750004,0.1636550631869698,0.17232577071718858,0.07087310892881711
0.1722012090345068,0.19809238025829504,0.17495832950166199,0.19050855204736575,0.12850341388840286
0.1905846406016985,0.19101510362768911,0.15587156660110088,0.1633018523924856,0.11389141157246656
0.16305192706890462,0.17838756906680053,0.16225487805421004,0.18147292460517317,0.09995908533174809
0.1814361268657645,0.1777421038030333,0.17122450248096935,0.17482550789491524,0.08524582223750768
0.1744782417710582,0.17449723356545194,0.16051064962301823,0.15787585024610237,0.07764532010486058
0.15763079120859075,0.16032438165522422,0.14979189998143172,0.15440315496410392,0.08369188830111231
0.15453982638602884,0.15603362614478894,0.14448414050501224,0.15764617474722534,0.08835708217812549
0.15794583784705066,0.17143056511291663,0.1607998400951248,0.1748536793360041,0.08773194067511927
0.17508275155053693,0.1719846368129612,0.16606203883464737,0.163786070773423,0.07383812913104491
0.16365950976705615,0.16308360432390587,0.16165783918439816,0.16026949528380263,0.0679063938908111
0.1603858077477579,0.16636897367261647,0.16328264214240965,0.16368387684206576,0.06008088658966903
0.16387493296193958,0.16521197216764538,0.16579373343973278,0.16727937294288459,0.05517158046280777
0.1672736389936638,0.17693897111366033,0.16948754547848913,0.17967182177667113,0.06689224214586381
0.17970787102049868,0.183257316616407,0.1821726487366566,0.1839433744976938,0.08024231909368945
0.1839708789136486,0.18836679782841165,0.17428443177786188,0.17775094684909543,0.09579856821010915
0.17756142283264228,0.17400493582605384,0.16594655143746298,0.1659114205126054,0.08146013223080932
0.16590369706156705,0.1705178683725492,0.16625196619269889,0.172697781552678,0.06704080904200133
0.1727139661007833,0.16959147256575902,0.16216402206868566,0.16641175342157305,0.05994010804893873
0.16630030649895097,0.1638935295857151,0.1519858360422726,0.1495495808498452,0.06405275701473197
0.14962917189278566,0.15808353052076404,0.14832223066883343,0.15903234297043078,0.07231019509577949
0.15911095235572542,0.15726498994171392,0.14010752213608293,0.13799843500598266,0.06879742721072375
0.13795347244645434,0.1421945643769202,0.13580350005948333,0.1412061100644047,0.06999049781921032
0.1413270733124177,0.15347674238962175,0.13903053947260818,0.1556399739733888,0.07174881653088111
0.15550865096702823,0.1531871110881952,0.15191111584378778,0.15362554203775267,0.059042033471538004
0.15360674622694995,0.15802367898627878,0.15525873117926034,0.15713365450186073,0.057558080465034994
0.15734282104221012,0.15500850307447597,0.15432720658871438,0.15464014866141193,0.04879350067533149
0.15466249671965138,0.1522365211921615,0.15078279069888278,0.15084130808458565,0.046524977322500397
0.15094883101886367,0.14778839730019,0.14668484651672256,0.14427731883644113,0.05084881285355478
0.1441357354742644,0.14140221151424373,0.1426176989738115,0.14295897074919028,0.049557554431692796
0.14296859167967363,0.1449814557421293,0.1450289519324959,0.14444165224279265,0.04506481131105645
0.1445126898280619,0.14151479448632096,0.14418354878667022,0.143825257054154,0.04128594777222728
0.14388985849574149,0.1451719895349946,0.13955496730074207,0.13799897119081822,0.047902318988940394
0.1382564593286134,0.13654274538455122,0.1371501450579162,0.13911462691875345,0.03912894122463207
0.13909584445797044,0.13808994243947018,0.14048271605812337,0.1386143229927499,0.03927926583514522
0.13871216447085133,0.13838320499031231,0.13994485157368872,0.13992430949486273,0.03938858196070415
0.13992514113734505,0.14398075460416043,0.14237288929073785,0.14702051291246637,0.04737152399199817
0.14695158710621353,0.14924909941804887,0.1472651891242595,0.15168065472443407,0.04889253529541879
0.15176956121269283,0.15232637681495523,0.15404649699188,0.15343919607017997,0.04981501749912439
0.15350965939076847,0.15653805652929326,0.15604755582500945,0.15794368487353902,0.043727723555059196
0.1579974396889148,0.15744834667691074,0.1578112238972599,0.16014669446498228,0.047084809609002846
0.16006210765435616,0.17036628150969038,0.16295325969618718,0.17254444718119605,0.06801326762393359
0.17269048436375523,0.17588889922383313,0.16793730047613117,0.16768481562744394,0.06732692222605254
0.16771293590978087,0.172435438627665,0.17009661981651333,0.17456726968493427,0.06322357511558749
0.17480550760971234,0.1715959507235547,0.17194627658934936,0.17492991902302485,0.05549226317025402
0.1747970425884627,0.17146526846517468,0.1742658033509597,0.1733944885347911,0.052239484571798965
0.1734327971518302,0.17066613727025576,0.16843823259242408,0.16584260046438995,0.05162792407082303
0.16583602037626824,0.1649488988276309,0.16729636754578023,0.1683586695423775,0.04492923945897019
0.16848470233343668,0.16501612678249766,0.16839371905925646,0.16626688207560336,0.03886826098863685
0.16636015593857376,0.16343923892353354,0.16098366122298036,0.1590433275138183,0.047513940792585425
0.15900458878392792,0.15570360965378346,0.14886789755851848,0.1465171078093059,0.056943265076315044
0.14637241441088605,0.1491104426511483,0.14353914975946894,0.15037297236796582,0.06522985040183825
0.1505432057540529,0.15037817590300437,0.1462601980298342,0.15130477466323952,0.05761960262226142
0.15112656747530698,0.14933229063015044,0.14975238647733757,0.1491887719299739,0.03924105760470473
0.14926058109594198,0.14983457074539297,0.15024168135782226,0.1508814349983588,0.037023661543786196
0.15100130255469182,0.1560899888317965,0.15317337982059973,0.15934343161541742,0.045681152956063203
0.15940325649702666,0.15654185866103432,0.157791327026404,0.15707567408221237,0.04287406172549128
0.15715050271697037,0.15437917195026898,0.1478799272120307,0.14779841566845847,0.055468024188974695
0.14791754169713173,0.14612967104753405,0.14589748205645506,0.14769462767407665,0.0486992693669154
0.14782533964204805,0.14918382236973088,0.1496239196536497,0.15180375986437727,0.044509400215113175
0.15185270395565148,0.1488276893633207,0.14817557789869237,0.14812356105102542,0.044007940733727074
0.1481879150556407,0.1471741180608155,0.14857569821935881,0.14780535708835638,0.04031188833904353
0.14767676692319762,0.15020287911749075,0.1503505020495753,0.15125256185344368,0.0525206093443818
0.15133590281244239,0.1482926425621751,0.14976148682523832,0.14850254228937687,0.042046414716046254
0.14882154508801412,0.1468058381691053,0.14416351917167963,0.14210566881213585,0.05014182277207701
0.142192157898411,0.1391855971896084,0.1397076378049893,0.138481581017249,0.04855215842316253
0.13860107556184942,0.13771774649446863,0.13980842010191916,0.13978704617696486,0.03872028417343152
0.13982848914814555,0.1379670495670914,0.1413715707840391,0.14026917778448827,0.03262145466229756
0.14031909800813877,0.13976843408110198,0.14214402365317588,0.14215831636639292,0.032594527076760076
0.14220236230758862,0.14851521679106033,0.1443748773328102,0.15089553521038526,0.04912835692184636
0.15093365485919183,0.15346597680311905,0.15310305492790813,0.15500274003357437,0.05521680960665505
0.15502217315336403,0.15385298254965868,0.15500852323470912,0.15457170539172954,0.04768820816999563
0.154532404997536,0.15187894992617884,0.15624258645757258,0.15429035326789226,0.04144415584245363
0.1543841946511706,0.15583783772041637,0.1528576552709025,0.1509926136485818,0.05564892699364325
0.15105545549885038,0.15087869023421735,0.1537127929866058,0.15342554509409678,0.04359859680764686
0.15349238147068361,0.15141769580923564,0.15462158883142235,0.15229807880829768,0.03893484729202077
0.1523808690999902,0.1492985556110699,0.1506318753670832,0.1507206375136254,0.050119464356070835
0.15079535902401603,0.14848257826690137,0.14875367860528782,0.14747085020839057,0.04245728576460385
0.14762831047450328,0.1458810799846006,0.1481526131633902,0.14839676896195536,0.043942499967379
0.1484266170589606,0.14918105977213628,0.14994184185624354,0.15183584400561734,0.04364474837892269
0.15196725714561002,0.14916990970040134,0.1518653191173181,0.15110011146236627,0.04018654163020598
0.15092887154238982,0.14888766905955003,0.1528485106749569,0.1510630422513039,0.038359701397241854
0.1510930697627935,0.14837586225466423,0.15317169839489359,0.1509096644053758,0.03429863653061582
0.15095587553997208,0.14837341294133294,0.1513087229605432,0.1498572784880341,0.04317918192593897
0.14998057173894086,0.14705964114296466,0.1514596825403877,0.14933016532025362,0.043590723839097144
0.14948010634735562,0.14675571268697632,0.15133478505898826,0.14869171409594767,0.0460544248970586
0.1487780458949146,0.14704356396417956,0.14620301480647738,0.14970326301689618,0.0567918325881109
0.1497550311042762,0.14690070634011193,0.1504394111211242,0.14844528644383057,0.041965437682005564
0.14852797989046507,0.14547496389799927,0.1484536473621812,0.1460424393150339,0.03823590932098038
0.14616006413467544,0.14381767590491576,0.147272947281465,0.14679443130113565,0.03759306168875349
0.14681088511773732,0.14381467122402677,0.14432191242306702,0.14173322323218518,0.04313575166901276
0.14178450334768422,0.13987869590159197,0.12383663106610399,0.12528005824959892,0.07122415019982033
0.12507313090078437,0.12442926757916672,0.12315086011692286,0.12329792782743346,0.061940643477753216
0.1233549490106016,0.12108792002868084,0.11665994479329533,0.11783669688820714,0.0548557657036551
0.11779530713907066,0.11752751557717499,0.11772161025856114,0.11980850937515901,0.046737325774144495
0.11984616871283348,0.1177330727744852,0.12013072456174213,0.11972050260472049,0.04027569104980434
0.11976844706225045,0.11738441586981299,0.11809276285916753,0.11761733932454373,0.037122860993671486
0.11766358474077278,0.11815032469262768,0.11568018245913617,0.1204320923388903,0.04875045817260536
0.12056526067206955,0.1208255444581619,0.12175052749068012,0.12116527438130208,0.04359283247177891
0.12122564828873546,0.11929953681159748,0.12167524681695992,0.12190376030614106,0.03738238574853512
0.12191675059723005,0.11960846357560495,0.12044797566898832,0.11992939731834988,0.03892987785411502
0.11996818677598303,0.11736033570211978,0.12052046871587993,0.11912729378734835,0.03742154607058205
0.11923577400419831,0.11671101134583635,0.1193104469307445,0.11831945887519937,0.034746159675450874
0.11834116330812713,0.11592189100714943,0.1176147954781768,0.11589554113151425,0.03748244746264502
0.11595509269083894,0.11806602274541074,0.11681304302864323,0.11971616965159006,0.05129850712216272
0.11978050681855129,0.1184198488404275,0.12104193192500563,0.11946627853526502,0.04441035857717263
0.11952804915570076,0.12272139841775306,0.1207932652873517,0.12491165579313784,0.055216878970284544
0.124803757690334,0.12268591185483674,0.12536405882664275,0.12477414612004525,0.05018419301973875
0.12480349678214478,0.12409318476560813,0.1230116852663696,0.12084594008303379,0.05584212828837359
0.12080191889457403,0.11962325913694928,0.1229687794121666,0.12106554400189191,0.04139116463094338
0.12111713947182674,0.1204361463590661,0.12241405642262573,0.1208347961333438,0.03932725033121255
0.12087861140729966,0.11925822600942243,0.12252761165518292,0.12163137840968749,0.0431541652023996
0.1216597270410685,0.1195572415985544,0.12099576646482847,0.11911883076183606,0.043350838254489925
0.11915451559816168,0.11672976568105337,0.11801109571763368,0.11677656527371423,0.04577626977908251
0.11682624339223116,0.11553432277295522,0.11825052926325218,0.11761326721809004,0.04076548622654741
0.11761470793999583,0.11558655580376463,0.11675864005744084,0.11567372001590376,0.04457940415319269
0.11572774744119899,0.11477311321409012,0.11740223524515982,0.11590154785082048,0.039297445343213916
0.11608402482100232,0.11767767842065516,0.11747265600861537,0.11936678001956752,0.04415957762866044
0.11945790833750396,0.11789459929260711,0.12120282519092976,0.11968794024457305,0.04519814988449742
0.11972933982366914,0.1178939727240805,0.11936092657529924,0.11723177895334541,0.04786119864573089
0.11724801597497357,0.1149243298319105,0.11022129378536678,0.10886938229235858,0.06250523619664408
0.1088395755651572,0.10675651068073574,0.10988397618975923,0.10855504030965361,0.04633776030481137
0.10855719318249529,0.12365222292481087,0.1103823197954256,0.1258756146870618,0.0817728093570685
0.1260252718525743,0.14304920384721947,0.1282440903223274,0.13454579593512977,0.1267668226982738
0.13454695366395353,0.13907977830957985,0.13503938057213571,0.13909762841031867,0.0928511133184487
0.13934702656967377,0.13989037286049702,0.1372083164876091,0.13471163645561363,0.08816435508569409
0.13464689599531682,0.13567709824445487,0.13685338817013204,0.13725715222510965,0.08097988724680226
0.13722987257350486,0.13437483252266622,0.13462899470505288,0.13396341225484268,0.07892767559774329
0.13396438916216644,0.13373741296838842,0.1337733555115074,0.1338722753242832,0.07572824789928419
0.13383873287926748,0.13216979547557942,0.13533398405506816,0.13478518072697465,0.06929175978148072
0.1348152542518483,0.13365466320229422,0.13710923036573364,0.13572915586716328,0.06051014123105239
0.13578009273551267,0.1336884979027313,0.1354729966627901,0.13440306932850224,0.060195419040242164
0.13445641852230086,0.13551481699606227,0.13623168838996355,0.13703344721683378,0.07455034749609558
0.13708948947281546,0.1348202230637311,0.1372201454649452,0.1359934370251556,0.07463113519341348
0.13601872226433556,0.13432180204100475,0.13795986953020561,0.13626577544716303,0.06589881360867793
0.13618984904665246,0.13352328317441864,0.1363958338871877,0.13488099840623358,0.06466360326464717
0.13489815058151713,0.13212754482061445,0.12994943947140195,0.12801515158716292,0.06931554242564172
0.1281313372507022,0.1265726730675449,0.13021569470690292,0.12814427069215342,0.050070134911080796
0.12817616997454653,0.12966416217785035,0.1304120232821164,0.13173454985943725,0.058644536254449695
0.13180417081988,0.1293353845837043,0.1288178104724779,0.12731632884867172,0.05772589238052542
0.12739340192224607,0.12601783239703587,0.12858853185316355,0.12817513754890197,0.057851998165785984
0.1281694008565267,0.12577100711813197,0.1297397627359775,0.12806533558947292,0.04997646323585844
0.1281679658614861,0.12562666851391055,0.12869612834900773,0.12657891529350382,0.054361509058491096
0.12659123969454836,0.12422577520995556,0.12555904521116099,0.12337210972400431,0.062089172703148635
0.12340684075045374,0.12220069149175061,0.12539487021524023,0.12424419262178463,0.046983644878126694
0.12427224422423386,0.12418080467797735,0.12580257170093256,0.12464804124331944,0.05317590763697922
0.1246360372093761,0.12309432061263773,0.12236815645071798,0.12066088385736279,0.061469772935274704
0.12064562039434339,0.11952518692234065,0.11974606893276762,0.11913035149005911,0.06005692248713044
0.11913875964251383,0.1170276420546824,0.11839505075256397,0.11647593947876163,0.0591470993310122
0.11646752362187893,0.11517366138492087,0.11215541270123938,0.11076996914507607,0.06413323116245885
0.11082615226008084,0.10915546356671217,0.10217701397221597,0.10563302134523525,0.09755015810835019
0.10566970051026145,0.1054352556605326,0.10541987206139196,0.10713504172162211,0.059844109156133335
0.10719062856195874,0.10494411137683123,0.10357531856306755,0.10194307701021044,0.08669770626464239
0.10186716658125207,0.10365039689141144,0.09735090183918794,0.10340054332506045,0.12160665091857988
0.10342836146348268,0.10365584376553483,0.10462172582751761,0.10447249274315827,0.06018768229155765
0.10455228146806253,0.10802259919020944,0.1027429022184195,0.10912152683414107,0.06834214631493206
0.10924170031176286,0.10963214693362322,0.10999170542973814,0.10810418132037594,0.05426285672192656
0.10820132165987516,0.11037738611515659,0.11009191250208435,0.11252832934729647,0.05614220164937941
0.1126145257006083,0.11117826173381438,0.11092400436106979,0.10968491942721266,0.04887218246105972
0.10975816807228575,0.10732154020989913,0.10753318818442827,0.10752821736663327,0.05332427007509991
0.10756766988515264,0.10591004508167001,0.10665806510177928,0.10601009695369823,0.048655195795377665
0.10608249350282555,0.10509403925711391,0.10659701017449386,0.10598275152708576,0.04214578804799092
0.10602534011449118,0.10685737397332655,0.10571446079497611,0.10497203586635465,0.06171130973555646
0.10503260619693142,0.10982694566452762,0.1066471505840377,0.10788458464725884,0.05359602811354072
0.10796138034265657,0.10696253780444093,0.10905611001906156,0.10934905759367596,0.0515684044122891
0.10939673775574571,0.10758890696834028,0.11107295065487141,0.10948619048823544,0.04401503527333277
0.10945719598114328,0.1082400611895253,0.11032352151843,0.10960649877214464,0.04389076975553843
0.10961240011646924,0.10799924527239935,0.10866055462169379,0.10718108116006822,0.050906096193228494
0.10716837164392998,0.10516934140185769,0.10684903966356005,0.10535911784316733,0.05198031475277013
0.10538818057411384,0.10371308934455714,0.1060860706253798,0.10445848672576508,0.04657078220954639
0.10449080135225725,0.10287438465110513,0.10562109742024084,0.10483996049902768,0.05391228737947202
0.10490526125825235,0.10326694407322157,0.1065632636655848,0.10523394766703317,0.04877969996007275
0.10526506089860989,0.10348969630452916,0.10460113573729163,0.1030820930071967,0.048811876632003495
0.10311785897598469,0.10162669447200379,0.10199078132591345,0.10349207152563508,0.04808273813159715
0.10355458304745825,0.10148223482613516,0.10167824263544892,0.10023008239252121,0.057577030649072214
0.10025432637245912,0.09846240237096414,0.09690999219579949,0.09589752777784451,0.0637045832106421
0.09604465970910137,0.10372517214898512,0.09618616792800586,0.10533957607963425,0.09069530538200725
0.10539401477112235,0.10404040019874318,0.10375795974305917,0.10424208542443815,0.07379342453112514
0.1043705444193848,0.10274726244117176,0.10443371588474501,0.10447910085896923,0.06447392844544726
0.10454801996763892,0.10224132971622295,0.10483564300057813,0.10406868035032858,0.0550106168694027
0.10411156405180426,0.10654019501701972,0.10565791916827032,0.10882363268355331,0.06590064341062447
0.10882732012771447,0.10855459146978781,0.10805954817718937,0.10650929228132561,0.07928457023133986
0.10653397338188834,0.10679805644610829,0.10720373936613846,0.10601816870919539,0.06549343168957679
0.10610891770443182,0.10419230746596221,0.10647065988228695,0.10531513619517113,0.06141288494606447
0.10535258110118734,0.10464847071362669,0.10615946338251767,0.10477811809941522,0.06491042824387053
0.10480847156750857,0.10428722547764709,0.1060015937329949,0.10553672544706895,0.06488293513276394
0.10556382251759384,0.10480505588450463,0.10746618189510404,0.10595076882622,0.060860596925884275
0.10598856655471327,0.1064806282864102,0.10735985384321357,0.10750388616828546,0.06393666952982989
0.10751181379031458,0.10561848423398536,0.10730612934203297,0.10557985934336571,0.06515866489433468
0.10564408802302158,0.10387544179391868,0.10569716718409505,0.10410489456395049,0.060297211434463954
0.10416653595777892,0.10269489412852137,0.10577519861127309,0.10420246571253645,0.052882502960390945
0.10428021945377344,0.10207989575936065,0.10215531768086754,0.10101641194532049,0.059254754932197215
0.10104267496102859,0.10501903615643965,0.1018491138354976,0.10634985699590413,0.0800815025760249
0.10640012748082836,0.105218377509162,0.10780765143225786,0.10732587280288668,0.052536614480462956
0.10736603858704835,0.10692609002844401,0.10918237918985282,0.1073356762904878,0.056186020176231
0.10736604583449805,0.11038741121158238,0.10931464397072779,0.11264668128113006,0.06630445815733138
0.1126831735441669,0.1161669505020238,0.11473575218882824,0.1185003777827475,0.08195011013102411
0.11852014632591885,0.11935343594507994,0.11758343836369224,0.11725640722707507,0.09022812232393096
0.11733807278494604,0.11476825018791198,0.1158560610629325,0.1142768063587645,0.06849765516721638
0.1143103202186677,0.11599690122792058,0.11410967922688897,0.11854284507087035,0.08179993011450151
0.11852393674211197,0.1167523221480114,0.1186839831110753,0.11662833190391089,0.07270088658798343
0.11661026939117053,0.11648553211741862,0.11837311109696859,0.11892777506259986,0.0652421688256805
0.11893331618586735,0.11645235246589573,0.11944003470490314,0.11821104085230527,0.06404395460090045
0.11820841177197185,0.12639321814544563,0.12036484834197284,0.1283547304858433,0.12775134088402498
0.12836696633534928,0.1265478666499686,0.12816201019904117,0.1280467575094956,0.11424859957968223
0.12817605401535132,0.12591127302693042,0.12748097379066411,0.12681176442694794,0.08920642394488389
0.12688070283556718,0.12753951102468916,0.12846602376618863,0.12985755513948347,0.10361868795403698
0.12987897277646585,0.12832804751543084,0.13073175965455106,0.1300618995277518,0.09212352214213546
0.13009023593522145,0.13054689755049068,0.12760156446236012,0.12655146842651707,0.09747893868264723
0.1265752663154095,0.12444038917051409,0.1267013084902089,0.1258302418567896,0.07526871593675134
0.12589783269704916,0.12458788909775617,0.12646036313638973,0.12713983708888732,0.06864418966968931
0.1271627300931938,0.12513162241711162,0.12785329158978617,0.12617500870604087,0.0643781598824035
0.12621931507084266,0.12359691401214357,0.12327532986722159,0.12210369928386876,0.07341183442526811
0.12213631933334189,0.12107306750656137,0.12226647444354183,0.12268122831767192,0.06950039202481736
0.12264916336901477,0.12025335923162074,0.12271017908843304,0.1215298945609503,0.055964507476738416
0.12152543179812712,0.12235240651635354,0.12315239404914599,0.12492782828709623,0.06317425398203794
0.12498229136624431,0.12782538291495607,0.12725763915871444,0.12957236277290513,0.08160832690434158
0.12966096948948921,0.13337911545252265,0.13195687002299678,0.1362317929217755,0.0979958719064431
0.1362652080286333,0.13407674254613036,0.13740948284906476,0.1356091374128949,0.08740741502770633
0.1356499140440009,0.1362158332557912,0.1368269425886312,0.13846366954544562,0.09224040152182583
0.13850413367466194,0.13575766926089972,0.13682511366944208,0.13611218022900431,0.0838454672950414
0.1361002560734608,0.13455636651305836,0.13807057813854098,0.13674055987329137,0.07384486052310121
0.13674536606615906,0.13498616404192687,0.13662949306294697,0.13602070999435784,0.08784375519917367
0.13607541181588914,0.13602985632493764,0.1370948202524451,0.13526622547334494,0.0881240121941149
0.1353059355863385,0.13298067483037232,0.13504345139226634,0.13359593725323227,0.08515812781577475
0.133681753118765,0.13837649785903883,0.13581209892954188,0.1400133451605262,0.10034175666853867
0.14012953371378503,0.14017473529022254,0.1414926776829256,0.1417403095669035,0.10719937275651517
0.14173524967952286,0.14032197889397643,0.1443046851842533,0.14272180315409777,0.09834911170589339
0.14273071588561953,0.1409348910747474,0.14359342736121078,0.14374832177599525,0.10019924235597753
0.14378194396970817,0.1446195554572355,0.14618338342389087,0.14748121161805028,0.10201095089493256
0.14751735201959595,0.14514931914648627,0.14518914460437582,0.14362207198444898,0.11220767628861142
0.14366315826912485,0.14579511193471062,0.1443550099606509,0.14883993297426898,0.10725418117316758
0.14880612251505249,0.1484717557196235,0.15149968277297568,0.1505882723166576,0.12376948481455809
0.15061060703626308,0.14940522890272565,0.15019737431553085,0.14893109888779255,0.14061394971312915
0.14894212815612307,0.1474274653484737,0.1503389385605086,0.15038143539347812,0.12346734481116822
0.15046062831217086,0.14771268218982642,0.14654639438423597,0.14410900027252815,0.12496833531330191
0.14415724590497406,0.1435191017617912,0.1442500683475006,0.1447768981883426,0.12357139066285652
0.14486050943406528,0.1418399408310514,0.14100664240841507,0.14115179598971284,0.13104660993687858
0.14121912979658557,0.14509346910645507,0.1428907094108336,0.14785697574738849,0.13467300094906065
0.14793650102554698,0.14552713996803354,0.14257113528123025,0.14030958003642022,0.13387803106169918
0.14030028362871752,0.13752953385319056,0.1410106099831076,0.1399399168210215,0.1279891903480687
0.14003989725589516,0.13869314280807865,0.1422467086160364,0.14109687327277526,0.11660701103031651
0.14116683219955023,0.1383317551701612,0.14241262403505647,0.14075171515350887,0.10209683053058846
0.14080483658193357,0.14181936375102971,0.1432744579548877,0.1446297226967283,0.11733255461758905
0.14463820116196685,0.14202849523698036,0.14145076003505866,0.14055870310419705,0.12843150717751944
0.14062663628870947,0.13766836150241654,0.13794646237260144,0.1359812351972766,0.12112234743282393
0.13598051370951705,0.13332353597617339,0.1288754804243286,0.12824726165502293,0.1436455579995603
0.12836325564110287,0.1271716156182112,0.12695392057853294,0.12771262740806286,0.12954188099896152
0.1278234945772441,0.12655280799721255,0.12568121406312502,0.1260500486563963,0.12707795275117925
0.12607923636304066,0.12487844601177886,0.127290869440433,0.1249675784223363,0.10196680902825701
0.12501865906883902,0.12416633664109011,0.1253531738075978,0.12441771362775053,0.10070391387146865
0.12447698467825943,0.127002698439514,0.1262807898208444,0.1289765744717296,0.12209799509196168
0.12896132968524798,0.12671528860831816,0.12888399079829735,0.12776147819402503,0.12075608755812436
0.1278207260514587,0.12586614585282055,0.12899638083233886,0.1272786075209175,0.09898732379673612
0.12740131613731848,0.13022160880382233,0.12967334642058526,0.13207936018313465,0.1130952552804001
0.13212166709633852,0.1305954993318845,0.13382412276835398,0.13272907128898692,0.11631164613596319
0.13276424048164176,0.13053025076395408,0.13168949383702502,0.12957436259742688,0.10317644936951842
0.12959687304434223,0.12690113737742767,0.11982595877783139,0.1176756675397611,0.11387895124438345
0.11776629559792147,0.11616079161821108,0.11355573795280796,0.1149382410735884,0.1337212508468007
0.11496101799508468,0.1155651456724064,0.11543859550866596,0.1147317519459779,0.12026379832523593
0.11478205671964206,0.11285099321705949,0.1128415671334763,0.11475698886195332,0.11020237253481675
0.11483439780137561,0.11253459035131404,0.07081717085823146,0.0711199845374075,0.15378997878592401
0.07185290452882193,0.08204369389816024,0.05943872711525716,0.07991847336747165,0.21127886158529163
0.08009430571795222,0.07893936725315616,0.07481525457773053,0.07452675806759881,0.1029985829417747
0.07457263323539967,0.08202226240651135,0.07548303132198639,0.07737513856602288,0.09685371197669111
0.07730611760150807,0.07543973994873171,0.06651278004792437,0.07176834068968889,0.1292507689778126
0.07162650869509267,0.07523732983424834,0.07265305911442997,0.0749016454622735,0.11003107289157761
0.07495924119219759,0.07466112887305934,0.0739734945209348,0.0750917229864719,0.10791163585290087
0.07523090459675318,0.08921249225423293,0.0765053086526186,0.08922990994162062,0.14530009891988205
0.08927569388572552,0.09671528723547448,0.0860024803946771,0.08934247252837861,0.155108123840175
0.08949637148164145,0.08991825049849284,0.08701503053010586,0.08913899762903277,0.12106288729924826
0.08918521672367047,0.0896493885197041,0.0853671153433092,0.0838738509333111,0.11423956751992374
0.08392814862966569,0.09087773339554628,0.08478247330074297,0.09257055883925619,0.13245308000814926
0.09291200755586491,0.09590979779402982,0.09423809612864202,0.09729670210618226,0.13738237303519393
0.09739562781788347,0.09741885960998814,0.09613899951214434,0.096499228603693,0.1270342370388695
0.09645243021902335,0.09512880148589818,0.09695513257626984,0.09702420427787235,0.10062023912677152
0.09710875201640753,0.09597998770920418,0.09507837387593365,0.09336421383622748,0.09852827698070617
0.09336636467245864,0.09122137775200559,0.08980936831217089,0.08998672759124222,0.09938200904009414
0.09007676899596824,0.08805660148437719,0.08682265478023662,0.08523591982188138,0.0808286201525597
0.08532580480941532,0.09194602561332348,0.08656814002598198,0.09277128760275516,0.10569729517951085
0.09282241458267326,0.09176111669700389,0.09368071825640725,0.09290191382187797,0.09340199716392561
0.09292205252114916,0.0933368226198837,0.0910861382730353,0.09539686881053093,0.11494266787574653
0.09543726544464201,0.10027307861142049,0.0970299781442152,0.09816956029825182,0.13578315572686236
0.09826659733303318,0.09903322053890179,0.0981992401053252,0.09727568221148095,0.11103933572592621
0.09739067056228864,0.09722116299964814,0.09854886603208861,0.09926622493897155,0.0945403532861496
0.09923347235006327,0.09728620508476865,0.0988425403060782,0.09813253456163556,0.08406748600654207
0.09812786665087538,0.10294935927139182,0.0998538662455981,0.10526506087897644,0.13360701856545365
0.10533543363519708,0.10522645169903903,0.10519779849872188,0.10384988795446479,0.12604659395094686
0.10393485673321834,0.1041806945879292,0.10544838255165473,0.10618980582249588,0.1070125315544127
0.10629015467908025,0.10396524045593726,0.10583787596687144,0.10571481126987795,0.099182310162078
0.10578326079961108,0.10341648034817512,0.10014967180041695,0.09923603918187894,0.12427819273254116
0.09930624399250118,0.0979082096292724,0.09996006155335387,0.099140917093758,0.0889445836945031
0.09916712919550928,0.10073532242183186,0.10027960618426061,0.10080304660948126,0.10187328064204071
0.1007634524664359,0.09848488051685636,0.09812257299286486,0.09893249335329495,0.11002157246775864
0.09894766192369324,0.09838193815597271,0.10001897045046171,0.09889376486753883,0.0971743860222316
0.09898150026634264,0.09794604582416351,0.09759611712933981,0.09592119236801841,0.091982590667481
0.09593713654535185,0.10094681065985422,0.09641959111419235,0.1029653133991646,0.13328315948872946
0.10300376237535726,0.10142411347519498,0.10389313752022326,0.10265933300159764,0.09262400631572824
0.10264365834211231,0.10292275146930147,0.10448088430060652,0.10505558650606538,0.09243528167909633
0.10514660858071274,0.10307681612587918,0.10565603862636215,0.10404295072396376,0.08919852646371075
0.10404751833880517,0.10249016286245077,0.1006485021345772,0.09948037281484103,0.10753641839373641
0.09948945952091771,0.09803189283240629,0.10063248434232404,0.09945610682816239,0.09284145988092488
0.09948435731632889,0.10111326428502632,0.1011360197185918,0.10297129838124779,0.09472033082547575
0.10307431629818696,0.10615744708842229,0.10436530840733234,0.10760882623548958,0.123930409591798
0.10771825739501967,0.10735915568178656,0.1096905458614866,0.10940699453887819,0.09867338646576508
0.10944449120181915,0.10833859621043199,0.11101194735030503,0.1096894625068327,0.09384384734460116
0.1097362445369432,0.10920229244397955,0.1116120835832598,0.1113207613945125,0.09421030591885982
0.11135826001705637,0.11058767817690086,0.11339444645447976,0.11303816866848337,0.1030203480229354
0.11310304729508791,0.11086366025258293,0.11417057191134308,0.11320818998153624,0.09454597023855144
0.11324764841150273,0.12628009404600452,0.11500492042061836,0.1279581276053293,0.17151467400377146
0.1279562098761509,0.1345757189364144,0.12629022940375603,0.1258437624095344,0.19078621000887241
0.12610252966637653,0.12885044902449388,0.12832174564112378,0.1289038127403988,0.1255477004594142
0.12901580151719336,0.12825498108111155,0.13049062255920396,0.13074136164623543,0.11433850683625327
0.13071614018621466,0.1305967524689377,0.13078673047566294,0.12938908899952525,0.13419078701699932
0.12941191812799768,0.1275217819834248,0.127978307065972,0.12961443154527186,0.13025022139461478
0.12966553538280023,0.12906030676032768,0.13117723422123817,0.1309561399015737,0.12292654129270321
0.13106980123667628,0.1341501792254881,0.13283677189449478,0.1348988084376627,0.14065901315813856
0.13484660671925058,0.14262515935664077,0.13542874861789186,0.14503042666666008,0.1741122437950936
0.14485459551511007,0.1426846406460876,0.1449264882098599,0.1434151336208952,0.1475226078672738
0.1434407340378312,0.14147608963960884,0.1421092889379308,0.13972357348562273,0.1326645155348173
0.1397339389193591,0.1368349114404718,0.12420372759592804,0.12729618568863393,0.18041656906494308
0.12733081294663667,0.1286382416566853,0.12388981721607167,0.12500151747327767,0.16273539543583992
0.12517639256411026,0.12741959435281183,0.1268398048707404,0.12800916660507974,0.12006086052701519
0.12807076306610943,0.132785470253945,0.13040032704891497,0.13491699524762488,0.1297924731464214
0.134986627447455,0.13971758234908987,0.13719150223054777,0.1417984783758184,0.16076096198757495
0.14185826789073103,0.1391716275595037,0.13728760898406672,0.13578078901767743,0.13720255772709405
0.13590556058471945,0.1363773882543007,0.13727697470394284,0.136505189221972,0.10302781801341583
0.13652434784010722,0.14015115352931184,0.1386189294096165,0.14086386473302867,0.11419564801918529
0.14098854493692972,0.14136186904524617,0.1419539488016414,0.14169242971023813,0.11916168166205546
0.14175099114027132,0.14034138827810763,0.14148974256261398,0.141728977227947,0.11183082890952362
0.14172524819893684,0.13988564511615986,0.14009384949020937,0.13867124553420923,0.10411475410835384
0.13871826682349875,0.13624669175572687,0.13137514097671968,0.13212386352448435,0.11203561339185918
0.1321517440125936,0.13154684395818886,0.1334700941611232,0.133619891673047,0.08492331603933899
0.1337061915191535,0.1325612441625805,0.13512345185744234,0.1340162481983663,0.07898846631971371
0.13411022234503026,0.13235567272507648,0.1301264021522983,0.127799793672543,0.09263933484869627
0.1277845902672544,0.1274357427325659,0.1291056735032375,0.1295295549349543,0.08913284143446974
0.12961735433719448,0.1280330476609467,0.12967395114386554,0.12846288041631962,0.08427769989107474
0.1285456304653542,0.1311149816012213,0.13083484284981564,0.1335967487762266,0.09327112286278103
0.13370445213122548,0.1361165791050983,0.13558181735454317,0.13871234337727914,0.09790563055104937
0.138801612495049,0.1365153614918995,0.13906890252753495,0.1374268619712986,0.0937159149771156
0.13747405364879797,0.13841631344086627,0.13887845894229295,0.1413042173978262,0.09322108394217565
0.14135085944233317,0.13836255670932168,0.13986874493646376,0.13775235514943457,0.07911789196555936
0.13784054268522863,0.14564218649363583,0.14014970527221926,0.14823200081114257,0.10027576717615976
0.14822110837526678,0.145391017955627,0.14029578281777663,0.1387724830277517,0.11149735452475677
0.13888184176322824,0.1381076002797656,0.14046607879324163,0.14065579603387562,0.07123717888283847
0.14069405206581906,0.14109327051004247,0.14127260265695005,0.14279144921678963,0.07384243455124466
0.14283677506452966,0.14082535550414055,0.14335640533403923,0.140786610642265,0.06696939347826998
0.14082837629855924,0.13942832129270175,0.14226605976100523,0.14061071303324427,0.05821856236685654
0.14065172695957093,0.13935637983369162,0.1402592191833424,0.14217140217467647,0.07125937952963955
0.14224080278079754,0.1395577361738348,0.1435477486295275,0.14235892195229452,0.06120443265951847
0.14245300810801415,0.14034607330186344,0.14337910458107203,0.14271819477506942,0.06756266033062375
0.1427462834075752,0.14140366401400997,0.1443392429073188,0.1438221558769971,0.07322915603534469
0.14387372567270923,0.14183239352834448,0.13731284511900702,0.13568557998066424,0.08616666918737954
0.1357192866325295,0.13603122338354115,0.13765693266548398,0.13804595257559701,0.06440768006751084
0.13809479771560476,0.13534216888659298,0.13932068865235422,0.13796335112796002,0.05002936613866967
0.13804757333335943,0.1351826217554074,0.13858944546236598,0.1366502344657262,0.05409650252824298
0.1366891838360845,0.1355120259180801,0.13319124298217452,0.1375986729823836,0.0760589127920707
0.13770192796226602,0.13659940711562826,0.13938768019233014,0.13889447232357774,0.06143007216159638
0.13888218964081384,0.13603059681501453,0.13828354397863618,0.13803721421192594,0.05747572034119318
0.1381071473698936,0.13519008361695162,0.13829948802414785,0.1370219989460209,0.05061564235154712
0.13704925163208093,0.13457900842117912,0.13748240362705705,0.13518456597204065,0.05592145882519892
0.13527800391519462,0.1339096338720441,0.13707588208922866,0.13584227637597984,0.04879338980863647
0.13587122216804073,0.1339991050096056,0.1378771256862459,0.13541622680395735,0.043646849016437506
0.13542576491967864,0.1377024240459542,0.13782337906104286,0.140537081812991,0.06011503617589509
0.14051922908415515,0.13792797447534086,0.1416048759754392,0.14025425155798546,0.048439766694212814
0.14034220287778246,0.1380712593052221,0.13754187299940027,0.13556432975042232,0.05401097569713717
0.1356218664136618,0.13311038875557488,0.13477933481226878,0.13484021937576857,0.05302606159390962
0.13483324242200373,0.1326781134329875,0.13487620853189933,0.13332816364806793,0.052243689804521716
0.13345032755494396,0.13118045801225228,0.1333126891160719,0.1315841427673277,0.049199563628224544
0.13167864499107562,0.13103079357555464,0.13296997325898677,0.13304123230364462,0.04147159827571293
0.13303777372821995,0.13161445639828784,0.13397208823049367,0.13374272147483146,0.046884367100679177
0.1337138883107349,0.13132664784166598,0.1346209563102297,0.13295829755192065,0.044819330776427725
0.13312617811966082,0.1326670060818339,0.1349214742818302,0.13429875964076693,0.04549106330850912
0.13439010435754567,0.1321596706977971,0.13389275148599114,0.1327418962505937,0.04653780458771666
0.13281236354764991,0.13110075564762844,0.13422762068978097,0.13220610268507033,0.03724920483317609
0.13220960765099857,0.13082298642762613,0.1341496113866254,0.13287660906765225,0.03500268690944518
0.13283088802908316,0.13051512767815265,0.13299248076449166,0.1320078302277774,0.03674896593968029
0.13204064060869228,0.13362532840309374,0.13422564427710887,0.13648235064627445,0.05095522395828004
0.1361418709296383,0.13340867809482373,0.13638770699627473,0.1346541922208008,0.03941662335049972
0.134714877073503,0.13471695317839036,0.13710790292438668,0.13726673109473914,0.056121300319783705
0.1373119716837067,0.134440522536604,0.13688888985148873,0.13503541963886867,0.051272749113298856
0.13501673335350886,0.13234207334001025,0.13512184417847772,0.13504788231342443,0.04802263419617775
0.13507839465555666,0.13243044798265016,0.13635251505123233,0.1344771497846988,0.03773626449175369
0.1345372710711543,0.13280792703954655,0.13632177740937634,0.13501363894136018,0.04116242279608723
0.13507384325714503,0.1326181622171457,0.13672719274608228,0.13452563828360992,0.049902568805659235
0.134502367353399,0.13228914253970528,0.13593227661948548,0.1345196967759729,0.0515130481528923
0.13454978016933652,0.13216495380969195,0.13593639168766103,0.13377213918337585,0.04512971715058736
0.13380887338650338,0.13127526922248375,0.13468302156787362,0.13287273984194714,0.044757129685351685
0.132915813644668,0.13080779214085578,0.13468687114777977,0.1331571351770132,0.03971556781159723
0.13320333446916724,0.13151836357061558,0.13486240314189107,0.1332706179728808,0.0348946209732696
0.13330459583637594,0.13108695689984917,0.1348142022716486,0.13366797441046097,0.03685039184411078
0.13373822524682757,0.13127465689415094,0.13541647716010677,0.13334765469141385,0.039177143171574856
0.13337151878690592,0.1340888609510428,0.13559590298216911,0.13647364126556746,0.051469008043664166
0.13652658005461482,0.1358861727696304,0.13816745185817153,0.13870659025890864,0.047088684948486094
0.13878359533509474,0.13704877067075963,0.1406345900975624,0.1395332713434527,0.05168788370573093
0.13965001345183284,0.13723964622827584,0.14061118288181124,0.13887767669589154,0.04714713412368794
0.1389668108635113,0.1384239889053173,0.14134758834370426,0.14095845063631407,0.04731040708089268
0.1410559172293411,0.14307929337669067,0.14319979675379607,0.14434260296303844,0.058416816792307646
0.14439529563782094,0.16166274626826205,0.1469925769196415,0.16045369651203317,0.10073407465579404
0.1609041163605046,0.16029358011606373,0.15799780315324746,0.15929549379282387,0.08194800111368535
0.15935288672161152,0.16175280125376879,0.161373545495927,0.16208000308414966,0.07012535048807832
0.16212670314530053,0.15978363877656399,0.16196731001041642,0.16223946735253522,0.06511055777816402
0.16228074044122479,0.163378205452964,0.16335075463285634,0.16538914749982683,0.06597453120477813
0.16543274328516028,0.16890347184315108,0.16716629304312772,0.1718609419392228,0.07428084446229721
0.17190707853588116,0.1723939427029707,0.1638201083944402,0.16138473075875867,0.07808295674422222
0.16129455097074413,0.16392087075778544,0.16373379520819206,0.16424476965448517,0.0577435657398191
0.164299242152077,0.16293371204410767,0.1649681976660664,0.16364443102794857,0.06053156992254428
0.1636702070028134,0.16878450926425745,0.16593692011302347,0.17167440758238356,0.0695384059521858
0.171775073487045,0.1704719152671997,0.17258886144670982,0.1721604084156121,0.06665913681899832
0.17220586189721424,0.17040924417434467,0.16971741407173546,0.16951455362446013,0.06589430343983163
0.16961815998182175,0.16898059673269955,0.1719804655787074,0.17177863032122662,0.05005140704739171
0.17158885751445266,0.1690679745617744,0.1718347567668575,0.17061661634224037,0.049816484184863966
0.17047463459757142,0.17255428728500832,0.17354857204185592,0.17361967167423525,0.07439037843763514
0.17373100071718722,0.1709148422547395,0.1665021446385535,0.16668103414086974,0.07702790044864181
0.1666502423602668,0.16822717655983574,0.16731616117119805,0.16926914037608595,0.0713998438426428
0.16937847232534267,0.16892711056483692,0.16682177776555007,0.1722251708488559,0.07840245615556188
0.17211331196454496,0.1740978388503179,0.17389894281070845,0.17199862551009987,0.0690446320715006
0.172054506157679,0.1713594780655337,0.1751561772597503,0.1734354704460047,0.06652859295246236
0.1735089243634792,0.17094678300940294,0.1746802895368698,0.17383769602155086,0.05863158787071707
0.17393895903887963,0.1771317975777253,0.1757300891514287,0.1792035585174615,0.08041260960781249
0.1792265099063227,0.1767913145442866,0.17796280124894873,0.17529832147948593,0.07418840531357869
0.17535238566917652,0.1723178146269873,0.17392730580748822,0.17184150886180505,0.06979939329263032
0.1719476787491007,0.17044384784524622,0.17427061163850532,0.17362354089994037,0.05746869127875664
0.1736772536302119,0.17042705865677177,0.17207935995905493,0.16938124648115963,0.0676896917829796
0.16933501661694134,0.16736699765415347,0.17032474798666034,0.1707069272583235,0.057608160387227145
0.17073348451105738,0.16771729218111114,0.17200295833486398,0.17045499284303062,0.05264429388764224
0.1704958986149913,0.16909094399435226,0.17295943882273251,0.17208357457782764,0.058911208620187616
0.1721271111087738,0.1686632255337766,0.16641366329810534,0.1660223093331876,0.07492433182470226
0.16609063777912939,0.16504329707224258,0.168031873297427,0.167836092208476,0.06399765406479085
0.16785268123489666,0.16563726979527732,0.1663546216568628,0.16538811860460187,0.06620232026419318
0.1654731985493858,0.16527022880042655,0.1683253263311921,0.16863944200693312,0.05641981610487508
0.16867565813813284,0.16585387738296595,0.1705888645666579,0.1681106478272358,0.049805055387180844
0.16819563055470166,0.16774404950523625,0.17098289340647668,0.1711473668720133,0.05628589950023857
0.17123235546370863,0.16852582190392926,0.17258288796064855,0.1706920155233027,0.06348269035321284
0.17072784599519075,0.1728742217188129,0.17262533658505425,0.1749903340116562,0.07780226542878955
0.1749655602888876,0.17138310254702574,0.16793824443442232,0.16673310203584513,0.0798704377675258
0.1666887553079727,0.16377422524217058,0.15119878131831938,0.14938988471774697,0.09095384838678516
0.14922138688796427,0.15241338439899163,0.15158354756740614,0.1533447985561611,0.08536312622723724
0.15340949963591416,0.1512125800579328,0.14763758067012306,0.14826611375986848,0.1279644157447403
0.14828408871315998,0.1478930912049094,0.14930211837245314,0.1499100709571116,0.10561127062789225
0.14997291843205765,0.1485525688193627,0.14718172256223314,0.15123391131605618,0.09601376005198776
0.15128366319500464,0.14878036919936768,0.1476139374647991,0.1477014676536003,0.09523826035078913
0.14779330591437395,0.1478437346932449,0.14870350132237323,0.1493461204419814,0.06873215999306564
0.14939897839541358,0.15008015712743747,0.15203959741682394,0.15113857185570462,0.15500403026537504
0.15127953214867562,0.14907415863737994,0.15057006084836036,0.1516991458555191,0.12877520569118023
0.15188560737728957,0.151172721755524,0.15285896796290116,0.15231135300584775,0.1046955509050764
0.15251699070025598,0.1511490545534506,0.15183108587991517,0.1505541593679317,0.1040025285369811
0.15068145810453049,0.15439785508451706,0.15246057331598575,0.15585299875940006,0.10100143221246877
0.15586189166540726,0.1564192221121437,0.15835768725175312,0.1575760359741441,0.09261268987208053
0.1576431263679802,0.15877409447825358,0.15908906318587604,0.16021674628917126,0.08765641159514027
0.1602478887799665,0.1578597601156007,0.16014241739337512,0.15983218583023384,0.10868952487241802
0.1599297837177332,0.15782312009698765,0.16097354317004697,0.1597668292462263,0.07503942684041025
0.15966161358393302,0.15926942537892824,0.1621812198088028,0.16198917047471303,0.06484544678077363
0.16206788284353515,0.15871206419411896,0.1607442793000809,0.15967312732334543,0.0703597749177655
0.15967902195811245,0.1571435495691014,0.15418615857092713,0.15260945728292513,0.08228549660584215
0.1526242239660175,0.15101580906018894,0.15422340067538312,0.15374021313514769,0.06728896981246149
0.15375031820550736,0.15057471905764763,0.1514313785410011,0.14940308645788686,0.0677644459329686
0.14949480417534727,0.15397564757893684,0.15193922810164645,0.15702869269743355,0.1343121554977297
0.15709910380369782,0.15407246665649224,0.15718648575134173,0.15602927314695386,0.11209952465085649
0.1561263945896592,0.15400397132437849,0.1585211247802589,0.15689005268874176,0.13348056864039806
0.156888087058232,0.15445568451148464,0.1578511503831064,0.15725429608985692,0.1531221446414034
0.15732922482657288,0.15651715192481447,0.15907409259735214,0.15628058442851897,0.1360730691625013
0.156335309574712,0.15527263018883067,0.1582524948996817,0.15828371300816269,0.13271088739203316
0.15832751753805258,0.15508679565991496,0.15855193616885635,0.15739113915477557,0.12584027827446834
0.15760591796122028,0.1563461983984058,0.15557711061165144,0.1549420786897483,0.11402150791765275
0.15500199625339917,0.1523246964720884,0.15473635351054008,0.15429690341777505,0.13863476848626638
0.15433821683027366,0.15146585614462207,0.15616271873653126,0.1539015033302705,0.12723415517707365
0.15397219163062378,0.15273535518050765,0.15651404821302325,0.15568598442887083,0.20300162684971373
0.1558437005666602,0.15430302963409182,0.15802753783941909,0.15752244647355432,0.1354324963803687
0.15762152896787412,0.15436238276179454,0.15643096513405266,0.15471880842593363,0.12143131583876524
0.15475759775461506,0.15265526833065157,0.15693868195056332,0.15567686928666669,0.10768556415876691
0.1557374529540579,0.15652283376213535,0.15694018638408985,0.15933796832668773,0.18038669420898687
0.15957493408552076,0.15881124714384295,0.1612332201962064,0.1615456441753484,0.06494492650314557
0.161522744171999,0.16376239164113388,0.16440627699455543,0.1649869219242807,0.06516962595480574
0.16503958363383353,0.1635670304225749,0.16790553037989422,0.16629011192131601,0.05687997834357185
0.16647270883241508,0.16749911817210597,0.16718145537317952,0.16883032380838484,0.07453244529722998
0.16878942860352378,0.16531935746899046,0.1683978488767803,0.16690917354265034,0.06905449542347201
0.16701316565144503,0.16518802016169623,0.16819556156485385,0.16696270507731195,0.06866130892060349
0.16697687042334733,0.16562455330222584,0.16813171163606572,0.1679397642710015,0.06975489258371446
0.1681082697960176,0.1651892448183619,0.16691452166765677,0.1653692072205376,0.07302660754419857
0.16542610462123505,0.16294654245870943,0.16785595782025992,0.16590310240191355,0.05449169464979966
0.1659286717732333,0.16436241644652794,0.16879587478998823,0.16776183785449494,0.05207799809846408
0.16799264398350347,0.16896642773988182,0.16971282702441434,0.1716004285665613,0.06796990423179104
0.1717172388384388,0.1718948523911364,0.17383891296312984,0.1741868827728248,0.08807194127020057
0.1741975045594782,0.18916934666983937,0.17715331276623214,0.1876513679736014,0.12368517026845001
0.18738618160518586,0.18883436035120235,0.1894801248555103,0.1897615451310863,0.09893903717681529
0.18990816364669855,0.18671076297238137,0.19001710437904698,0.1892517782673096,0.08254186553496089
0.18931482943465722,0.18859335931155718,0.19202735205616697,0.19187125856114584,0.069911846549604
0.1919344201287298,0.19127814848731603,0.19239458133012574,0.19073028621408397,0.0695260573341938
0.19079357008165068,0.18976329091248653,0.19107034059175967,0.19138431578158463,0.08392800783156364
0.1914472610547938,0.1975554679917634,0.1946718069608134,0.19997582277364886,0.09614705010450997
0.20004082307229779,0.19869324523512252,0.19272971602218497,0.19429336486957577,0.1021802975120679
0.19435728604814498,0.19540286333819903,0.19345178511753097,0.1967655537399414,0.16096779906804012
0.19682972452350833,0.19597839501028005,0.19580999941973068,0.19837768764262123,0.08711931287919036
0.19844251400015336,0.20147137888115282,0.2006631839815623,0.20185709248080494,0.08633569396627787
0.2019225943971094,0.19904813934467327,0.20324355296784777,0.2012058597693383,0.06965979637546099
0.20127006301591835,0.1982649429266016,0.19742548078961694,0.19843655204267413,0.08766059727019161
0.19850068203144575,0.20084096550221806,0.19866820187993217,0.20436946623087185,0.08509193233814827
0.20443834363188007,0.20425001093396566,0.20252000893767183,0.2070910824901372,0.10004059613293632
0.20715821004000212,0.22594268197710685,0.21039816684092635,0.22855077917993105,0.11639551785353688
0.2286208075816441,0.22881581195588785,0.2273856549980322,0.2283435075122903,0.11349355299719623
0.2284152554132521,0.2263902227874335,0.21524806229808718,0.21747927240868078,0.09978013702627718
0.21754845832283953,0.22493530218825203,0.22009483089340853,0.22706267787204512,0.07586621462584563
0.227134544081862,0.2270907548805737,0.22192866161551927,0.22487756526092323,0.0972846016895523
0.2249490176452231,0.22220860412217908,0.22584692923669608,0.2242630249819859,0.07285410275918461
0.2243339120942829,0.2290027999405003,0.22833968709408303,0.23035362098627807,0.08481390601188335
0.2304252341232571,0.23467143660173131,0.23203644900249928,0.2388862635782894,0.09736051525272223
0.23896193265041474,0.23697792078935417,0.2389444242733151,0.23950157190577495,0.09001993144458278
0.23957595108389992,0.2348581540226618,0.23527493390990448,0.23579665062406016,0.07828708936686227
0.23587017060838583,0.23201907234722466,0.23594462806943928,0.2341264783358038,0.0673803750829477
0.2341994305239394,0.24212540907857535,0.23726121389603794,0.24541209675421843,0.08981271387851016
0.2450363536266885,0.25622234651572645,0.24758945979204924,0.2592021620820233,0.11112579598280144
0.2592779981444128,0.2651323503268674,0.2594963431858948,0.26155566571446837,0.13978402774816534
0.2616331004091328,0.2611310267551456,0.25994413340026495,0.26174982259086144,0.10536507641776363
0.26182936134700935,0.27066295678972446,0.2657323381481895,0.27368393483063685,0.10538735399881381
0.27376640382952344,0.27304556905333066,0.27598092281403563,0.27399434237596754,0.11295893315341282
0.27407685558487355,0.26943431286981273,0.26430643015199556,0.26995463887612814,0.11760394712645639
0.27003643136691063,0.2697617803661304,0.2692816508216565,0.26986737117127374,0.12176587340339443
0.2699621884921836,0.27904823794021505,0.2712127534958019,0.28089805543761287,0.14663595059628454
0.2809368566239313,0.2796707907321796,0.27804686403033424,0.27532822533196694,0.12452755412291942
0.27537719301005126,0.2720199333360414,0.24436475077595568,0.2518599367737997,0.17492183330397135
0.25198607809303253,0.2512951540243847,0.24701370423183341,0.25123341203921395,0.11078286849842374
0.2513778141346092,0.25725795036866644,0.2528168353202369,0.2602707060018413,0.09287365488247394
0.260382944325678,0.2635236641151777,0.2626108155727986,0.2670978170894148,0.08869347891608544
0.26719114059428006,0.28489548935211195,0.27196287585161333,0.2885903080030688,0.1359764366797832
0.2887940197723156,0.28630572422319095,0.2741317085216486,0.27637998811558084,0.14140488240019156
0.27644445245287635,0.2784658140143413,0.2745213273063259,0.28228741178686745,0.10651232812344288
0.2824436304063645,0.2822259371837048,0.2832520565386796,0.2859127458492099,0.09096255545411924
0.2860213484456792,0.2814270338318865,0.2797995585874499,0.2748480935489653,0.0964961189285049
0.27491031230037594,0.27630942146922965,0.27818350199298,0.2815920235296201,0.07760537723661509
0.28167557467695503,0.27966401239993716,0.2828308151512484,0.2844247025072521,0.07205298352849103
0.28448010579247274,0.27997501823223747,0.28333297146345016,0.2821470183088486,0.07661923829432507
0.28222994659940903,0.2781034295628587,0.27334668920776073,0.26922963002958783,0.09028433778169362
0.26930716398829574,0.26852037723258587,0.268296158365683,0.2726837907060551,0.09805749871031841
0.2727568340863105,0.2674559797078093,0.2686211455061122,0.2683963698121969,0.0727748751622708
0.2684617924654865,0.2633023715037332,0.26352329875469,0.2653381743910338,0.0795348906001095
0.2653060789273046,0.27279665046594015,0.2699649881283682,0.27638975537447685,0.06196301754787459
0.2765189852255914,0.2795332874209757,0.28036047630327654,0.28141621286949164,0.07249945041375502
0.28153178527490663,0.27841870745329506,0.2845648960308102,0.28296338145817906,0.06401855867109432
0.28305209729337943,0.28162539973133444,0.285578825230305,0.2854924638870399,0.07617937532008932
0.2856035474653724,0.30982545484974,0.2888785199331527,0.31359095485527694,0.12651823702999404
0.31364946740632416,0.34166883506807105,0.3181239997203717,0.3357692116821026,0.20336300320748388
0.3358905570049436,0.3357768694476841,0.33572144717639973,0.34070770588112503,0.11506082883283135
0.34073031694522116,0.3481314906946516,0.34216543744841266,0.35156814421643967,0.10964614134730251
0.351549222888016,0.3499368055021473,0.3470172060728075,0.34574317707796964,0.10781312777695747
0.34580045881656296,0.34775421100046827,0.33208992163551176,0.3357383448253541,0.13063179459835836
0.33570119563918144,0.3438159145264462,0.33618652362697676,0.35028005434369164,0.125841870985238
0.35036490263763614,0.34723666539748643,0.34180558284860363,0.34224186111893906,0.1457144745384663
0.34232350931787736,0.3435014625672495,0.34142726206472374,0.349581419994467,0.11703501231958119
0.3496464484539737,0.35723422128850096,0.35178929871768894,0.36336476127460454,0.11984909491905307
0.3636497968255613,0.38651433814484837,0.3677839639927165,0.38966361305402575,0.13769789612461555
0.3898080750074444,0.40941923416446524,0.3889298391613136,0.3872189579995391,0.18940505222303114
0.38745474112045125,0.39629943034456616,0.3932323420550383,0.3992760739388834,0.13976106975162378
0.39934363154715835,0.39603125901517605,0.3899044465982421,0.40339588635144874,0.12895991228058232
0.40347406909039546,0.41888147269065223,0.4106381659779604,0.42533599016240303,0.14611702749054573
0.42546341127623494,0.4233601275581023,0.42335369714166954,0.4277216648849804,0.1332025880113846
0.4277259781031851,0.4285476592722515,0.4324397676732527,0.4332482813911784,0.11603644744039308
0.43340252858582706,0.48037908813649344,0.4367834212487328,0.47410252264798436,0.19335284444489237
0.47426399787213064,0.5015731103138076,0.4815064246609054,0.4838186266124035,0.22412487563047775
0.48437995917362103,0.48453642727134166,0.4312189641145104,0.4717971887018455,0.23124313900501586
0.4720024456881385,0.49908005110719217,0.4538502756490378,0.5017801809777339,0.19244649002871367
0.5022308336419558,0.5346907885133304,0.5035832491954647,0.543804029750116,0.21450616724560936
0.5440913493745078,0.5828209916497104,0.5485482304158374,0.5815949166181521,0.2414968571029373
0.5819091217051929,0.608578141524017,0.5537958125511953,0.6027641315504225,0.25102888106137944
0.6027910535768692,0.6011357036041401,0.5861507499468962,0.5947054763530272,0.1765953109310888
0.5948587488699951,0.6009000568773587,0.5408974484659665,0.566538962368087,0.2278731799686593
0.5665433687491965,0.556080072227847,0.45881039298604015,0.5251405659606195,0.35136180946713624
0.5245357587775329,0.5301532931651539,0.49125804478515117,0.500749314911224,0.21303547850316648
0.500768936068065,0.5451936149602826,0.489546707400667,0.551104896368593,0.19762366322036248
0.5513826316503144,0.5797010221518316,0.5542477915804824,0.5788687210505616,0.18124489427881407
0.5785686271894593,0.5740330832600962,0.5208849427193929,0.5438189269936547,0.19305462732744014
0.5439098732340193,0.5490491759084043,0.5355950577523281,0.5342145523557762,0.16440602937354518
0.5341433259774663,0.532396351529651,0.5119699056306898,0.5284737807279678,0.14917266186057992
0.5286305678580447,0.540809173214925,0.5242719240654766,0.5409209204149793,0.14105739100896014
0.5412468703162435,0.5474673751825838,0.5421838866246412,0.5326069253040113,0.16308966933007019
0.5324581489732174,0.5273798160624918,0.5044357025297775,0.5248600108682946,0.19041563892132363
0.5250261502140351,0.51534024486286,0.4542967679207576,0.45478818843407237,0.21551378017773917
0.454793492334634,0.4899555614972369,0.43470205221411307,0.4871387410799861,0.21997068634726497
0.4869746041458261,0.48338092098671814,0.47306130180902145,0.4732177307204536,0.13776083934441216
0.47329875353128303,0.4773007000044717,0.4672242472195293,0.476508137649851,0.13858455416776813
0.47658526904165094,0.5044046874071192,0.4820421504898366,0.4776509649066142,0.170648490936397
0.47766603773071686,0.4751213237865885,0.46607005171770716,0.48067012027515726,0.17166958895989606
0.48071498183991807,0.47175986908247586,0.44095129209118056,0.4489540916619162,0.17828381034858748
0.4492039402381911,0.4906330529568303,0.4508601107696015,0.49396979385067497,0.21800433457104007
0.5067587503165408,0.5569510594406134,0.48169518682044127,0.5065874692983519,0.3359014619879861
0.5064212510789102,0.5048707974301436,0.49491623714776445,0.5058920520581405,0.1855924836133025
0.5060493699399028,0.49690357988884143,0.4847968272743245,0.48875025184893817,0.1502972517157164
0.4888866553154845,0.5020055565187205,0.4865194036622128,0.49502454187958944,0.17493199087865657
0.4951001548515016,0.520359400525676,0.50320843875648,0.5243041176171795,0.1797421544962656
0.5244535437081359,0.5434470836727382,0.5327319142604463,0.5534158240267998,0.1742664416650929
0.5536089902185632,0.5596620505729397,0.545924911327304,0.5453132306558545,0.19612423722366784
0.5455410712329023,0.5543211234913207,0.55107910058923,0.5633910646730865,0.16694726876304544
0.5634539258910717,0.5925351961647581,0.5734263691742074,0.5800363287416159,0.20321320716982413
0.5799561949192265,0.5746765121761519,0.5629713231308661,0.5746560472210739,0.1866148516118012
0.5745628747708613,0.6706563296705397,0.5724890185910831,0.6828792466305985,0.2890948317417475
0.6828878963551821,0.6969008359370005,0.6795812637156308,0.6871031078842224,0.26157796364620267
0.6871146669998318,0.6843872371665989,0.660161268788941,0.66391047629745,0.2487311122939079
0.6637959106206182,0.7036048343678771,0.6647920921758107,0.7082969583359634,0.2318854776306087
0.7080025127904633,0.7077208199799689,0.6985814921897192,0.7022947603721249,0.21811227641971712
0.702275693996702,0.6975427838729025,0.6980876840086548,0.6963689035356814,0.20014855226264558
0.6966844894817275,0.7185392660820084,0.7089957120369678,0.7202864570201017,0.20299278895056175
0.7201661685301977,0.7096140822242909,0.6974109839086778,0.7088271147149726,0.2195792783473459
0.7090032406450423,0.7309843980006838,0.7103066341138194,0.7274476257516979,0.219521379547926
0.7277470009164195,0.7629598987369673,0.7385660904685262,0.7712106842327823,0.23026602491942588
0.7712911861836829,0.7620877723086981,0.7679177065661077,0.7642479328732996,0.1483032494067958
0.7643894108445541,0.8151594935713692,0.7667322719445874,0.8266965981284401,0.18090157190841064
0.8268976208744778,0.8354513709919119,0.8224527139344638,0.8298334243311608,0.19415076342053303
0.8295875843051376,0.8474864992510822,0.8382515668614684,0.8512083023765653,0.14785551325316132
0.8513199609144131,0.8358620581807187,0.7369830724142469,0.801754554829608,0.26226913085918124
0.8019260401064761,0.7873265791291709,0.681448472212943,0.7218762885319195,0.3023021584084637
0.722222646877478,0.7448231892048706,0.7104908239753825,0.7349483009245641,0.18147150385165148
0.7351951759833323,0.7544302505018677,0.7086837338217385,0.6961958172741768,0.1552893110944203
0.6976634749872063,0.7022533260559742,0.6688259209409134,0.685005668739452,1.0
0.6852594938154193,0.7005397180964645,0.681122806602492,0.6827603585119294,0.13079771682508148
0.6830218292256385,0.6781295833697709,0.6505021565772291,0.667168972983392,0.1522614094511592
0.667666802495198,0.7228609940139296,0.6787978963287524,0.7338488611650333,0.1535362273137652
0.7337557744933105,0.727869839776444,0.7107225657358629,0.7152663178112572,0.1354134621587498
0.7159995227282593,0.7629777274595883,0.7265127460460674,0.7473080859578288,0.15162579802058743
0.7472656585097232,0.7513114771802671,0.717188090056393,0.7179697327690782,0.14912696558927316
0.7176502598515336,0.7172092319823358,0.7003567237510364,0.7234029371820361,0.13853354660960673
0.7231747298496704,0.7135752484495343,0.7111557835941131,0.7231815073364407,0.09789563387696215
0.7234634102661216,0.7461972539837315,0.7362447200383784,0.757227389483435,0.12289518951058333
0.7569403660836774,0.7597541463117179,0.7451160400587221,0.7726577456635265,0.13845233886399672
0.7732503747661901,0.7963555455192054,0.7825085288699972,0.8109073748870709,0.14504792231610678
0.8111149366321386,0.8318500259832694,0.8022796762809994,0.8284835137960234,0.1632360729978759
0.8280233527414826,0.8439940062837449,0.8203085716734817,0.8551433194101363,0.16174521649807666
0.8556018121767831,0.8426168656230261,0.8337815703684555,0.8481238773729068,0.1586611253143867
0.8485092259819522,0.8963840779502369,0.8464883699179714,0.9061602341419548,0.17285036725562733
0.9060659783768216,0.8951308269754619,0.8930722396076876,0.877360616289582,0.12507139698444214
0.877067598596293,0.8797187791617266,0.8340310113468952,0.8269795298238198,0.18923259563126518
0.8262066780098766,0.8256516113925939,0.806269021011631,0.8403007957075795,0.17022891209962962
0.8408274511163084,0.8568079592214944,0.8209736492869988,0.8709586273191803,0.1716778283726481
0.8715111818398785,0.8735252062369385,0.8168194658397729,0.8559416841387711,0.15882096111911478
0.8560355575464299,0.8645153786673532,0.8529183188104033,0.8631792519636904,0.1397813878842229
0.8631871089920201,0.8722862524167252,0.8766244153555088,0.8626894398706849,0.14347938748671699
0.8628554077141496,0.8538635997933927,0.8432810946315678,0.8509631065004217,0.14798609532326054
0.8510995804639349,0.8495412452929448,0.8173417107643585,0.8065301937534471,0.16103035676464728
0.806478772048834,0.8132899270095082,0.804995326289887,0.8096434857893323,0.16078408778574602
0.8094299335666826,0.8319102335225994,0.7905510535107004,0.7804890584906534,0.2010511217935713
0.7799856906806087,0.7754781113301559,0.7655133268037307,0.764609466367273,0.19373576927919317
0.7644937741202344,0.8009225465489078,0.7764373431256002,0.8155549670755906,0.16140288425758287
0.815768958931504,0.8217879050536263,0.8166583439589502,0.8279635594203715,0.13466023113450415
0.8281979293098567,0.8224017713273809,0.8291669712647152,0.8276257339910181,0.13585705202336035
0.8277965365556708,0.8476545904985399,0.8301974197343053,0.8543283184601177,0.1641763724824283
0.8545466994596552,0.8637694773168088,0.8620988441684959,0.8716530591386129,0.15502589365916605
0.872063321547825,0.8708097152033756,0.869270921269961,0.8716699851896375,0.18667236519005856
0.8720081829505072,0.8657941480693939,0.8810342935048533,0.874296189531141,0.17569778065473876
0.8745658369394435,0.8757261705886022,0.886531965589976,0.8785773790877213,0.16731709286949686
0.8789968697064386,0.8734379992901891,0.8674203500375304,0.852157204620648,0.16991989258559506
0.852390148326917,0.8559903442550405,0.8608471554744146,0.8692915851910449,0.14458472572349607
0.8695489203386985,0.8702449491177973,0.8687937503537784,0.8737333403686459,0.17295420270848516
0.8756501713737618,0.8642412834173478,0.8680685543965929,0.8608896557670487,0.18820302013792073
0.8610237162667651,0.8533276558600384,0.8372156906317041,0.829082823527335,0.2155201509410371
0.8300528705758788,0.8476056042319138,0.8413700510711095,0.8628424119551158,0.1511500874844066
0.8631025167591215,0.8563301152787898,0.8705010169181319,0.8616708625809463,0.1329183512725027
0.8620221829170376,0.8904463158666321,0.87398752686654,0.8846454843118849,0.1659226682381196
0.8856586095115027,0.8833578891642913,0.8928831529624891,0.8907552670384002,0.13184998507544624
0.89055249340614,0.8901017601377704,0.8974153327079323,0.8861326581649203,0.14765920520067258
0.8863085608006005,0.9263999001783776,0.9016455047975968,0.9397025083050401,0.1993877810893322
0.9402432697537898,0.9427435414696351,0.9270922014342124,0.93385936884809,0.2206673633586027
0.933585414581765,0.9275575140116815,0.9369723178808427,0.9368912767208296,0.17366114375901748
0.936306223158348,0.9242481499364404,0.9069705505102231,0.9110527903429053,0.24016014963309573
0.9106492655671148,0.9093374139047702,0.9090671998696811,0.8978611362745256,0.18843304847093162
0.8983589244066241,0.8872498480477315,0.7953116711626049,0.8315646347417762,0.277702288895405
0.8314135357723597,0.8356675940943683,0.8185565850850844,0.8242649274418626,0.18617099737101064
0.8238467924283546,0.8289904241885857,0.804653259404127,0.8353760684164967,0.19330697962543664
0.8355627297154204,0.8245549455886968,0.808390154289266,0.7972845122790618,0.15648615429908105
0.7967633627973644,0.8049022250260738,0.7613937748263119,0.7654718254806034,0.21310771671430087
0.7653367974693409,0.7569357841182403,0.7180600715278541,0.7555499714541579,0.246929143626329
0.7564818634258553,0.7430358170415461,0.7345320847112439,0.7400757930323727,0.13964069173702176
0.740297380572147,0.7333892249665972,0.7096750080222455,0.7245448080009845,0.13138515319196073
0.7258250932151692,0.7885379639342132,0.7352496700047069,0.7990008834120668,0.16605250935056512
0.7993341201753582,0.8050004254024266,0.8027070533973231,0.8140087839076819,0.14087651767471632
0.8142708820887109,0.8168153433048803,0.8112967788599345,0.8109160697762958,0.13675171302063516
0.8116207506416024,0.8006094901287022,0.7890965317788057,0.7920762156673893,0.1313048468971509
0.7924820913309705,0.8412184216324025,0.7998436739158685,0.8543279706645488,0.14927545830644542
0.8540202447134457,0.8492038096609765,0.8590890921545179,0.8554835794084726,0.12203745563934018
0.8556707499183297,0.8412457628044728,0.8453395136802336,0.8377213698701063,0.10876245245442859
0.8377764487313923,0.8568588821544755,0.8521203790674051,0.8461681069565751,0.14732996876156929
0.8465916667505219,0.8312073375572906,0.8007774256580077,0.788788272289939,0.1953453283844193
0.7877843524150144,0.8413736397446768,0.7974188810554452,0.8494878736285887,0.1972732001429655
0.8499628904529836,0.8479640014291361,0.8338700664582519,0.8342406318155747,0.19807661571895635
0.8347140823453467,0.8515120311522413,0.8329538959392857,0.8484846573098141,0.1949729701776043
0.8486486669141806,0.8640230666877613,0.8579251915815148,0.8699626567414265,0.18627960021712392
0.8712783357759163,0.8603231795381153,0.8504761217189867,0.861482589246262,0.187771812117119
0.8619790460964231,0.8648213149906655,0.8140688303767191,0.8262761132855215,0.20449685785126043
0.8263025182847097,0.826225605123746,0.8221822698840457,0.8388119988085556,0.17466984190541776
0.8391754964214845,0.8417819345809275,0.7397465103116246,0.7267155160789571,0.2142952330181888
0.735586306348743,0.7454167774426731,0.706964490786566,0.7351094462048664,0.27557180247616087
0.7348077563121679,0.7469810342497485,0.7354880194732253,0.7375481887346801,0.15879661789578875
0.7373683672605817,0.7353380239666871,0.7021936665856383,0.6912444836220655,0.16855137698226874
0.6907789775681624,0.7219281473993541,0.6614027509339991,0.6867314303528199,0.1824754590946253
0.6863151863285232,0.6767753409406609,0.6348803548272107,0.6434223030552059,0.2134069162400297
0.6428579124780625,0.664947891667675,0.6373050886902408,0.6341016136697734,0.16007843073167327
0.6347970670033088,0.6319002182608074,0.4608024694660553,0.5464465804833625,0.36001668126267555
0.5429008542969835,0.6161060206066137,0.526790758770657,0.6025434552618932,0.25152586895644086
0.5999458207838362,0.6118654048185012,0.5051301018477138,0.5509317521411601,0.23377373049043115
0.552064239799702,0.5631453728554784,0.5318211715016543,0.554373595057892,0.16346884925210348
0.554445287934348,0.5552443437348965,0.46904652920192164,0.5133273996299632,0.223566522230465
0.5124241107368459,0.577786912263806,0.5192461131311487,0.5717258695522661,0.19191155841330937
0.5732114863099966,0.57692965259785,0.5499111291960962,0.5672183230461963,0.16014838336790638
0.5672275280008785,0.591595115531739,0.5699140773649719,0.5804546108792642,0.14628597014375014
0.5809461965482493,0.585726446868387,0.559977087431299,0.5677339299772358,0.1231046404977668
0.5689263881901611,0.5635232506378008,0.5226890240059837,0.5270837577705393,0.15726566736609138
0.5270263303720457,0.539864478759119,0.5063002561443959,0.511034499375416,0.12886037604497394
0.5110443702527547,0.5277055747355551,0.5036844887221918,0.526794739652702,0.09015267728438295
0.5266469118853502,0.5432730115438903,0.5145771184308802,0.5513496864832393,0.1111343395538151
0.5509178092163539,0.5495211528912688,0.5379138912945685,0.5417348779782908,0.09868164095137287
0.5421031130136028,0.5544003559295496,0.5406207506918697,0.5549456028370373,0.0942123366200336
0.5554540169733958,0.5725930009428403,0.5599177360537423,0.5791868380643385,0.1010218574620695
0.5798418011731614,0.569144823458567,0.5368662745835578,0.5448434168080664,0.11917293727006181
0.5447782916468745,0.5498270892145811,0.524522191007421,0.5249224401729297,0.10244287436350571
0.5248660105654634,0.5282269367104717,0.5306264152920087,0.5295288765524513,0.0823665348345374
0.5292692131256106,0.5333911145068109,0.503078880481018,0.4953737286308634,0.09595916227635728
0.4959361046897008,0.4929526666031244,0.46734141604241985,0.49406677084849726,0.1421696139364315
0.4933750878841038,0.544280932460109,0.4879034235092364,0.5515316994976815,0.15376878494035187
0.552338599255546,0.555902069805514,0.5388277609151999,0.5419971158373152,0.12414482178522744
0.5420602081113787,0.5453209792535104,0.5418009345453954,0.551372583024865,0.11025073782421714
0.5516057951214774,0.5424079482517392,0.52192105493873,0.5249307293006574,0.10804107302990856
0.525121004835709,0.5703157091524801,0.5239738692350421,0.5775410694318401,0.1158621023081322
0.5764945230445085,0.5944573375220795,0.5827737981576561,0.5941702189723393,0.12292782920981486
0.5974257955537425,0.5990784512881712,0.5956446104602615,0.5969569309689354,0.13224859402534345
0.5935892855805395,0.5877265105661088,0.5739949860498463,0.5663997861745597,0.11170929480688675
0.5664675314355355,0.5730992683123431,0.5628735054529443,0.562043588706932,0.10568310139893614
0.5628763911193764,0.5537576105427956,0.5298905408066544,0.5284139598901002,0.10313073760080858
0.529555110521377,0.5285386260720738,0.525015291219767,0.5258708786895872,0.0889023961475186
0.5252301224383925,0.5227304497519275,0.5023453658913917,0.5270940177398248,0.10445038686052775
0.5263879170228702,0.5178040262310502,0.4700825529251689,0.4674163267317832,0.15045252755418803
0.4667382461036289,0.4823817150690969,0.43379959858906525,0.4797175951605641,0.16799093339886365
0.4799978611870004,0.5036853297777931,0.4772822703053471,0.4977824448098869,0.13195500026847037
0.4973206574803928,0.5106181966032086,0.4865343005039952,0.5117226129086785,0.0943619280914027
0.511811730226993,0.5143860949183797,0.4709124692552802,0.4668388701553903,0.11461350964453437
0.46632690984845454,0.4728324974392611,0.4532962016308221,0.474978184941829,0.10992491492819868
0.4766108670339914,0.5022667786335426,0.48180005468685005,0.5115327744939338,0.101166860234729
0.5121088176850962,0.5104875285850223,0.5094439322409325,0.508337750499334,0.09655349178498553
0.5090873848949563,0.5297680674428376,0.5147362933977274,0.5296089854651771,0.10797619847296425
0.5303545332130881,0.5229531663827506,0.5122241253979785,0.5173377723701504,0.0970279372640777
0.5174056597830547,0.5078058152911215,0.4940643147899904,0.4955430471070372,0.1077981080808199
0.4953436111818247,0.49181823580530515,0.4923561042673458,0.5003647689437686,0.11033404585972602
0.4998679911009562,0.5059579507845913,0.5019016464971522,0.5118132716203306,0.06946063164640008
0.5119076284814237,0.5209526469988276,0.5169110553057791,0.5210022624169692,0.07100025481520547
0.5210920025984733,0.5114273813749409,0.49904658564813853,0.49812340039936126,0.07612116885490586
0.4979248628669842,0.5078430106772922,0.5048803658823081,0.5053826474814147,0.07549348154086741
0.5053784880160712,0.5072470300869335,0.5084956671400668,0.4997456928309522,0.07063474395031279
0.5003902133365408,0.4913562269580913,0.48272778869488303,0.48523351695301536,0.08520717366313209
0.4851328242484592,0.493315848505459,0.48553243627140935,0.4988951587669677,0.07815690688700141
0.4992270846290839,0.4957477888003422,0.4975717688129837,0.49477737516188824,0.06543716167890375
0.49474213083632057,0.5012252508599875,0.5010565088395958,0.5054567279376113,0.05727917341100952
0.5057990720170629,0.5013339320189671,0.4912479562309144,0.4893659079719927,0.0692826662221914
0.4890483024335937,0.482886957144647,0.48466458461747197,0.4826315133865212,0.05446441675570862
0.4830871011165337,0.4790124852191767,0.4752658574006379,0.48441700888886446,0.060891535270113796
0.48463118477002254,0.4804450487141132,0.46826673115733175,0.468960162279601,0.06067496775804017
0.4699913943555779,0.4667200081778941,0.46713345023139813,0.4636300212869229,0.06751033026756321
0.4633976066389013,0.462601174527045,0.4689959389372546,0.46528503548496375,0.053820934812693295
0.4654247762995947,0.46935336177369563,0.46886759010835316,0.4691987790228977,0.05351596656315742
0.4693748393146977,0.4618708234681156,0.4590238750533258,0.4546714450547454,0.05820822028788017
0.45510014642634133,0.4490434847482066,0.4408578992177487,0.43967658689296757,0.06593976242620835
0.4396339728073015,0.47450560628764155,0.44335340045391936,0.47385657321477465,0.08034233856391294
0.47440448243711586,0.47194026385736504,0.47686943604644655,0.47686022269753325,0.05570208298651321
0.4768845017448654,0.48659732507692005,0.48159064343969504,0.4956830348235589,0.06424094316005853
0.4959986066959138,0.4998499899048486,0.5022363977061556,0.5062321961246204,0.06171263736351697
0.5063375285399756,0.5126024252054397,0.5091382667467755,0.5219283260853544,0.05941033250986535
0.5225716419292297,0.5874771362925171,0.5303656468140752,0.5514191296651826,0.14536105826408355
0.5506542339656635,0.5715429290530132,0.5478011464257756,0.5821276234980006,0.09998647517242305
0.5837113595169965,0.5920907881970646,0.5843619489851436,0.5908674363172784,0.11025833895993971
0.5910179484065696,0.5888390114654967,0.5917568592407162,0.5910531591511233,0.07739079836133543
0.591493381106891,0.6127895364344793,0.5773376603536385,0.624102085299585,0.09421779524476538
0.6236846973272607,0.6127297845813505,0.6183201995383837,0.6150597483012071,0.07350348127459617
0.6127684146502964,0.6172535523827167,0.5946096191913951,0.5905556375896718,0.07602681059258425
0.5897089430315506,0.5863033455990716,0.5826086054567027,0.5790856295537601,0.07291202154082325
0.5788906458745307,0.5765458508949123,0.5680445089719317,0.5635197490336157,0.0746061222366634
0.5645663224506284,0.5794952798320021,0.565131276693225,0.5871813249792536,0.07227747223085548
0.5872933390567349,0.5997589047080721,0.5631503212218277,0.6038317480153899,0.10023624708584641
0.6039373102214245,0.6278980972382336,0.6005186211018918,0.6327230100001936,0.10890229012129027
0.6331320089194272,0.6485782193021754,0.6410920133648114,0.6585329771414601,0.11404352751067842
0.6589827923054379,0.6572179157548582,0.6518658813209928,0.6472894999528224,0.10342073329036046
0.6473681453753795,0.6743441411358547,0.6445676087954778,0.6853861570919358,0.11034858904847197
0.6843106577006925,0.6769857540440524,0.6726124916311247,0.673806013792508,0.09556619342096666
0.6742005813283586,0.6784096025403914,0.6823716044243067,0.6739337127322584,0.09777067566314555
0.6738618065395808,0.671020593827602,0.6598636269402589,0.6566407953483266,0.09607223480260609
0.6569827860862201,0.6943964415361309,0.6662217170077761,0.7065754282353517,0.09043241871072664
0.7070177293252246,0.6982855523808138,0.6948457772524442,0.6962417262892845,0.08891400630100411
0.6964196966594876,0.6874718909838867,0.6858133353512778,0.695500631897678,0.0882803309203406
0.695281151301413,0.6968188124207895,0.6876367677828373,0.6800303951590081,0.09337466599626487
0.6791989444578714,0.6842998023767489,0.6696954835192535,0.6606039258570584,0.09529648641638368
0.6606498216956378,0.6669836128106386,0.6674542905464613,0.6621743387829405,0.09171421987868218
0.6614681457361666,0.6818382424787894,0.6619308366005112,0.6906121912776273,0.10598980766271068
0.6908752237001787,0.7164177620116741,0.7019907745504316,0.7295148066819653,0.09887381033104621
0.7295251192156215,0.7218840597593906,0.7270848437679049,0.7230792554391553,0.11562302366267589
0.7227275911929779,0.7183054990608068,0.725389376682191,0.7292547715282112,0.07227294938827339
0.7289997081021687,0.7330401123757239,0.7385997189826488,0.7325861313858582,0.0977289180002751
0.7330172303790796,0.7242426915366602,0.7176440219110244,0.7052813968549666,0.1007381185234811
0.7057794010796802,0.7143868825345979,0.7097373682668554,0.7238998211182779,0.09300275488055365
0.7247096237369396,0.7164969374891278,0.698291578999546,0.6939456958746163,0.09306030993053413
0.6934197743000573,0.7130731392166172,0.6981178906739721,0.7253522733803415,0.09831594240805645
0.7257478064115682,0.7155625529336233,0.7299097569489946,0.7230334043899758,0.0813825617618906
0.7233531330714861,0.7208209438520549,0.7212497655910849,0.7219565133765018,0.07375081543141225
0.722219168101622,0.7103436927931435,0.7065152256373659,0.6956190562889218,0.09072517823774705
0.6953461464303228,0.6996105739322735,0.7034918452255593,0.6972766499707661,0.0989407576734893
0.6964657904395797,0.7130484182402036,0.7006576104563443,0.7222116793922899,0.11150347204128387
0.7218183551434121,0.7310182327011209,0.7322218057910173,0.7293448505805816,0.11255393096770099
0.7289488599950734,0.7403339396332432,0.7282007794602384,0.7396975073851593,0.12309099485626485
0.7396516038140764,0.7339661236972818,0.7457613535455179,0.738499235718105,0.10675061787728479
0.7385908670759812,0.7532594787295049,0.7456075473414516,0.765340300789594,0.08638188585815511
0.7657701369818045,0.7653954845214599,0.7684903352644841,0.7784007199966052,0.11077606087019956
0.7790021247869195,0.7676239609275195,0.6511605084879216,0.6920004172912826,0.1857868946314999
0.6924283811606919,0.6871357654497467,0.6704351928351656,0.6813200211288526,0.13962150933982828
0.676798647096822,0.686084326501316,0.6871748771914931,0.6857722681394517,0.11017357855932886
0.6860296947899399,0.6827274571396027,0.6671591265882935,0.6634018832437187,0.11154697381876807
0.6633673834147553,0.6672348667898101,0.6743148024144496,0.6681140494762157,0.0982839111649644
0.6683662683606465,0.6730032844889042,0.6738948589696687,0.6809027244119832,0.07942758319613852
0.680991325738083,0.6764125577637524,0.6557838392058553,0.6645766207439375,0.11671926174970905
0.6647063642417336,0.6854452835649466,0.6733189854146665,0.6961756451311749,0.11011515590551475
0.6964394677022692,0.7034152689081893,0.7038427617202989,0.7122592773217008,0.08684296179968982
0.7121862625736938,0.7039454598032536,0.7084678623600285,0.7064276151185276,0.09048950242196585
0.7064287145932044,0.6991931084112243,0.7047368082168161,0.6987729244745234,0.08183734119032542
0.6990447809204327,0.7083922735973968,0.7085845592037734,0.7137731155016925,0.08140400866902836
0.7138182143073457,0.7016347889986575,0.7060550459704242,0.6986645861547806,0.07682257911335477
0.6988648702290794,0.687050381247802,0.640795197479634,0.6331281338721481,0.1250959582683962
0.6357953597147885,0.6327968947831648,0.5983351275796469,0.601221832099701,0.1387477042655274
0.6011481436992708,0.6382069722458118,0.6109920743319108,0.6439712983608692,0.10865504456950156
0.6439301291764824,0.6522574866512184,0.6485043278513772,0.6635678976619871,0.09755514054196388
0.6637304516549275,0.6542744107383837,0.615688089838264,0.6330680232046396,0.12204577093779484
0.6332521426456548,0.6238821917080744,0.6281236193738571,0.6312404734214117,0.09003481927745183
0.631481967551324,0.6373419659144358,0.6143575216294774,0.6385405864828224,0.08734650804529498
0.6390897024708324,0.6430864600879683,0.634628789942616,0.6241048096982088,0.08825488831881859
0.6237528813340385,0.6206579270309023,0.6156141661045873,0.6062800549233509,0.08607491313535415
0.6068927622294955,0.617305728452751,0.6140736851708035,0.6141422056242624,0.08717879140506922
0.6141105843551427,0.6398690307038138,0.6233609368131906,0.6471823209516427,0.08871548762474268
0.6477364897589334,0.7032044570793718,0.6516863522534923,0.7113777314861474,0.12207795637990515
0.7118680705420641,0.70095957597007,0.7142968048079559,0.7053611000061953,0.08721294492049528
0.7050783697650965,0.7133342474098892,0.7096418514872683,0.7126095654256099,0.07588342688682212
0.712928401422976,0.7180892189975753,0.707945971419802,0.7261570723270028,0.0951021930376938
0.7272673357054734,0.7528410448752781,0.7385730521609235,0.7617996839312666,0.10219906119729619
0.761579429646862,0.8072095921057114,0.7599495776382267,0.8188809940678462,0.13969834864987418
0.8187532267995823,0.8038580770568619,0.8058225877373044,0.7957990194379434,0.10486019290212921
0.7959475898591301,0.8123791242149143,0.8082781772369768,0.7982009536033714,0.09914166401546881
0.7978420732107155,0.8047230833882378,0.8089893908119745,0.8130457959430548,0.09256071698156401
0.8130268138630041,0.8193540280923881,0.8169807647127753,0.8101277331532338,0.11261012520949316
0.8097807681117611,0.8396482409047118,0.8208397842018333,0.8503898234708568,0.12147017015904625
0.8512322957628417,0.8372398823707393,0.8202085710920117,0.8289659062502236,0.11704355807601648
0.8291377206073578,0.8381261920320201,0.8185925144975418,0.8491479034598932,0.11875455182451025
0.8489465081070526,0.849647021452392,0.8576512666848981,0.847967079537217,0.10431292843397123
0.848546796761197,0.9120343926864104,0.8563081320313605,0.9113667917757824,0.14752070953939525
0.9118308317866086,0.9049963762700742,0.9067227024613997,0.9009530388829174,0.09757480023865746
0.9011162021500977,0.8958250079421732,0.8909902805991358,0.910768293567465,0.08270539464523377
0.910929538941914,0.9099569192952643,0.9038022725007231,0.9177792725791821,0.10841528310088598
0.9182672048958007,0.9364942609067537,0.928121292963759,0.950958622066018,0.11529817665001159
0.9515361299171672,0.9728887216181337,0.9581428244610998,0.9766430929728044,0.11620357156922428
0.9770308026147176,0.9680789537647566,0.9355895369790762,0.9205110908418047,0.13078966748702378
0.9211574878361691,0.9260023709286296,0.9054642290671008,0.8979864586112212,0.10949380633410787
0.898251198314283,0.897259223299589,0.9009895127826321,0.9083940091497723,0.07657988444136941
0.9082509974919815,0.8937876349367304,0.8982228890260217,0.9015266697080514,0.07781545357635289
0.9012093173838435,0.9262109043264413,0.9140580843472359,0.9328225322909789,0.08849674512523033
0.9329555822130343,0.9189155960887679,0.9034760759137332,0.8931121616776431,0.09936417145790573
0.8931656338699795,0.8927578410828554,0.8765472467652063,0.8651934520356138,0.12437574146538137
0.8652423697677509,0.9028696887692016,0.876528072612417,0.8969457963028511,0.12893465733468953
0.8972157986603392,0.9145203317961325,0.908593155815338,0.9207751256446024,0.10499986999036505
0.9211793461444644,0.9058081242766881,0.9174802871370586,0.9157426396930582,0.09161111909789776
0.9154073612441725,0.906916751843366,0.9047321894123044,0.9072861063647294,0.09184835647577964
0.9075401096458058,0.9071038679897225,0.8990058434311476,0.902618399999136,0.1029873761310703
0.9022383392820513,0.9336982842979087,0.9137749558572804,0.9355912168839152,0.10753514107891136
0.9362443589277086,0.9231138900209466,0.9214955317233041,0.9317870869161438,0.102913746131188
0.9316055272829145,0.9173737248663252,0.9156871793656026,0.9092637879019081,0.09291584225849979
0.9096125903620238,0.9088896452513429,0.9163660033717347,0.9044179522390595,0.08718660575759092
0.9038060496215622,0.8950253356198904,0.9060832297165304,0.9103804435421041,0.08288366666671439
0.9110203349917558,0.9203440584078939,0.9252449340558009,0.9370838395341982,0.07043736312364585
0.9375762082641821,0.9837282432069774,0.954116134380574,1.0,0.11716279998195307
1.0,0.9962190576673203,1.0,0.9911706298217052,0.12067424366107093
0.9911477909976015,0.9999999999999999,0.9520627891077231,0.9618393484761909,0.1388324379054084
0.9618415395538161,0.9531830275346244,0.9667488922016269,0.9611675813346714,0.10221823421170821
0.9601359537312121,0.9514594514394641,0.9388594674970558,0.9493849050822305,0.10280023635250665
0.9496590404448618,0.9435102335031081,0.9535069862958083,0.9540382938635668,0.08681370595942008
0.9540710559038441,0.9519605353784285,0.9587036536808365,0.9688376909155677,0.07156380376020653
0.9698922385989898,0.9634276507878372,0.9571983941907918,0.9405099736843969,0.08705457182101917
0.9431738485144903,0.9260923689533612,0.8887529814542946,0.8901065123703626,0.13345723306454638
0.890013341128056,0.8838398912435815,0.881187332742808,0.8931747648800626,0.11161457752281824
0.8932864053717806,0.885661041146568,0.8515150658131972,0.8423372546959189,0.11791140053943767
0.8418709099343186,0.8477860559675782,0.8387434871259504,0.8598096345934537,0.11025834772726997
0.8599635593246461,0.8697868136032934,0.8653940255707641,0.8832203340019877,0.08724120544510916
0.8839409639325977,0.8718945901268174,0.8827508226599389,0.8688749260993853,0.07441697685935676
0.8687470045242905,0.861132136466747,0.8383607710362773,0.8326494670874091,0.09981195835207234
0.8330903057349565,0.8408509107111567,0.8376497344534591,0.8516405543029015,0.10679186480398935
0.8518114539632697,0.8397944592145131,0.8426558992558523,0.8325179423963996,0.10436927476629147
0.8458679074336789,0.8626138001498598,0.8605150001507118,0.8472719521266464,0.09766897570057594
0.8725087208165895,0.8599235997004621,0.8064916181761657,0.7922937038298693,0.11911497668048135
0.7949721990887024,0.8037214851180604,0.8079806533830811,0.810773241729294,0.08706053875145447
0.8109518400240894,0.8338271914493823,0.8065968695256304,0.8468828268508658,0.08009690402856266
0.84774534478357,0.855394420625457,0.8551660604938405,0.8551647668035578,0.09221774238952585
0.8557338317205186,0.8589017233943325,0.8440613941539998,0.8432764186640698,0.10457735377028848
0.8420465881150471,0.8578559235626412,0.8515496382856111,0.8466063873394406,0.10500361267447128
0.8466390360817612,0.8331766993972084,0.8416124123623655,0.8354470766785004,0.09224375184154661
0.8361272770572532,0.8351151315362216,0.7902830283534035,0.79271633341213,0.11335476944722365
0.7948452817495557,0.7829483461083042,0.6449592334915238,0.7274599724943972,0.1748900399270688
0.7276615389895569,0.7226296193452841,0.7202173112101261,0.7299551158723168,0.10597239512935537
0.7308076279145372,0.7395646843648888,0.7115108299063766,0.7479666948336546,0.10742299890117597
0.7481491516179545,0.7542233689665354,0.7552315561042109,0.7497097302936161,0.09593887002120158
0.7494229633772301,0.7430914107580892,0.7339385709356755,0.7468117816808688,0.08113067139136078
0.7461936737296936,0.7376346824205972,0.7126785653099377,0.7047769193821352,0.08433294889955231
0.7045160836275701,0.7262329010202816,0.707624199637302,0.6984135936858203,0.08821492975941685
0.6989127613766971,0.7181101236020541,0.7063955199265679,0.7298610371709028,0.07342661802463839
0.7299374701137539,0.7365804523941843,0.7333323727205697,0.7407801949914499,0.062494820941659965
0.741216299214512,0.7289997706730267,0.690574778966687,0.6909075276816347,0.09163616214907173
0.6906778611499478,0.7031371864039238,0.6985742355103559,0.6890548786515107,0.09867934948409625
0.7154642550832145,0.7183397324866699,0.7023118383642132,0.7229491219304219,0.10410218527565462
0.723193051402512,0.7176342163257043,0.7152691998426395,0.7046775657812581,0.07767859280134815
0.7046880511140522,0.6969179241695445,0.686396701575216,0.6829635290901523,0.09373324814860876
0.6833964354057331,0.6868408225560377,0.6860980567708496,0.6925590929069496,0.07434530268075247
0.6928158588114539,0.6981540299510004,0.6997591981527306,0.6904554514078655,0.07165487250140766
0.6906368695744444,0.6881224399968358,0.6858166392052968,0.6930265301516829,0.08820323905590645
0.6932939585732649,0.7158164840692267,0.7027167374737286,0.7235410699888565,0.07707355008242442
0.7237367840688064,0.7193727161439532,0.7291803131794989,0.7189690653706656,0.06964304715318252
0.7191243331409203,0.7454385934195542,0.7233639371763226,0.7509629536605721,0.0804017568126154
0.7514772384998016,0.7524625405244292,0.7603468660840197,0.7515217452080954,0.06941491041797737
0.7522025632657797,0.7431675673144601,0.7561513254641623,0.745699763314926,0.05420739249643345
0.7458761774532351,0.7434560166798024,0.7468838969458895,0.7513335878052675,0.059717168095322924
0.7514261584743159,0.7545375646022439,0.7601199031123883,0.7488243007408755,0.06929077599128826
0.7496042075993282,0.7359241503429454,0.713522228032664,0.7035413176573417,0.09523669157993135
0.7042448550699965,0.6985926279196291,0.6952061923274886,0.6865630393314968,0.08560274168005604
0.6874240461326263,0.6950962046588066,0.6930738495451461,0.697446374208437,0.07602126270748355
0.6974988129300218,0.703736926405442,0.6894436219469086,0.6845112773381214,0.10533406749324878
0.6847692763177099,0.6943284303706059,0.6965200052766071,0.7049949292379687,0.07002681358565449
0.7050917050725446,0.6951172231848357,0.7051055419243013,0.6999259247516798,0.07962586500631863
0.700084007227818,0.6897119873880763,0.6896854522616257,0.6867619783969635,0.09421450543586449
0.6869527299837346,0.6881928435149169,0.6884243239846327,0.678443925671024,0.1210637051227676
0.6786483122194626,0.6812299583609992,0.6438054214727574,0.6438896243680828,0.10498335279603764
0.6440075319392786,0.6348545458245599,0.641499390364841,0.6378340977503313,0.08605527493956214
0.6378931775151577,0.6261761160447774,0.6178159488187234,0.6140463299790753,0.2398854761909316
0.6142619111048792,0.6126932157637064,0.611696562204084,0.6166586224978189,0.07995292687968125
0.6168335961564345,0.6190364816055798,0.6217536118329139,0.6192949708767516,0.0606574733725248
0.6194385614970125,0.6122636745583261,0.5984704675996423,0.617954392856049,0.09145809318374688
0.6180919853427486,0.6239536205201082,0.6228047093901232,0.6315263034131998,0.07499880987644539
0.6317869982142985,0.6404926372701185,0.6397390851440029,0.6495299990083071,0.09543489480611125
0.649666050767067,0.6425786547775366,0.6385014378295026,0.6293852159245202,0.13587002825341038
0.6296599007171412,0.628992142846474,0.6314870607600549,0.6369254818263241,0.06716250483449535
0.6371262233981028,0.6345038952927575,0.6418542596849249,0.6380784821034805,0.05232883423243371
0.6381673050526113,0.6303062848898807,0.6421863560112344,0.6371358981455678,0.05099179370661731
0.6373670126669362,0.6265526267684963,0.6269213704952754,0.6243247324296719,0.06178728189480921
0.6244827864882271,0.6171474344586186,0.622570017759983,0.6261808594154857,0.06385675069859044
0.6263227690180684,0.6163294207667386,0.6203150783945758,0.6168127539008132,0.06577813814024333
0.6169716455783205,0.6299594507300131,0.6117048218391316,0.6010250957395046,0.05805790315680867
0.6014695246087686,0.5956554504665126,0.537979437398411,0.5383573192758954,0.12253769400571342
0.5387140315950802,0.5319072863142426,0.5161977768220195,0.5171806847048197,0.11314178683295531
0.5175744963712664,0.528181595933455,0.5227785820488577,0.5356786557694013,0.07411645530456376
0.5358069925510054,0.5400543290226826,0.4985995034024867,0.541280830862964,0.11924578962456063
0.5414334486613209,0.5429277153249518,0.537798256403901,0.5457278029741001,0.075285281592162
0.5458226201588487,0.5630630645353917,0.5467919370177367,0.544215935635666,0.08923667252503228
0.5442101495699905,0.5386078670986103,0.5355305146041699,0.5484616500442084,0.07133396247877093
0.5484635908295363,0.5503398501124506,0.544318058326173,0.558049272528847,0.0633484942767461
0.5581450820164099,0.5594299923749926,0.5623720276107643,0.5633001161317935,0.04897472429248507
0.5636547672171587,0.554910724474863,0.5628438297641659,0.5600268961000975,0.0417071727187037
0.5602166350590663,0.5604653114240568,0.5522090186637514,0.5684188553844491,0.05906284528147747
0.5685506224181144,0.5672877882672382,0.5730529746726595,0.57227927026847,0.057791396797634224
0.572438676253584,0.5631973210824122,0.5537066084926804,0.5457126738668486,0.054562241432931896
0.5457378539871574,0.5386994030642709,0.5468014945954347,0.5487045272832254,0.05295621398898239
0.5487726220847453,0.6024689844679961,0.5576470443843512,0.6132000853937751,0.08378768632318356
0.613371576404131,0.6071261544047556,0.6172216680770435,0.6123140182158247,0.055980220475801507
0.6124756756620132,0.6166572300277071,0.6203451670651066,0.6267269564247407,0.045977004709355375
0.6268087540051529,0.6443786722329437,0.6279459192255458,0.6479152421473778,0.0815927056502467
0.648299181753643,0.6573858361199904,0.6439506140574168,0.6520429379261737,0.09423664602488616
0.6518918875189373,0.6491314793111741,0.6503715363486895,0.6553127959340361,0.06621791233279442
0.6556188740322737,0.6627418578070231,0.65293668400753,0.6438318903036292,0.09156584331937567
0.6440909066006276,0.6357602791101656,0.6334795207231257,0.6266602376414213,0.07678611685812818
0.6268906791765619,0.6238281359324602,0.629522978543112,0.6242344794795169,0.0517049547890409
0.6242822930397257,0.6194608963411969,0.6310086508986151,0.6235377290229577,0.041986520806197566
0.6231072205351631,0.620667154676476,0.6269460904030252,0.6293161785040742,0.059327980936806156
0.629475757515163,0.6482480746494259,0.6391658664716946,0.6588208939066622,0.06472422296241725
0.6590397862498788,0.6469511347601135,0.6537504940492983,0.6497193157296983,0.05637827334559594
0.6495224932834089,0.6404577203149537,0.6053092684269339,0.598911889862273,0.0747680553195685
0.5992806208605694,0.5937397456767829,0.5960697456756437,0.5913878544203557,0.06640061131183989
0.5914716967373885,0.5862989596193853,0.5972091623304698,0.5927408951156141,0.03912287438595225
0.5928383918120197,0.581939124928891,0.5730401132409424,0.5676509807340298,0.052241155669966385
0.5676815082500879,0.5713605976117689,0.555484966915837,0.54752747114588,0.0834121243424164
0.5475778365169987,0.556274365431872,0.5485141299225692,0.5654940685469608,0.0726210641774317
0.5656342486588259,0.5673936783482357,0.5592810361863533,0.5508112409765022,0.062237956240957244
0.5506918047449084,0.5651545502772237,0.5178586714353196,0.5661853122403442,0.13214502985254642
0.5663536015262512,0.5748002879405454,0.5730179302211,0.5792677585000586,0.07561981796931383
0.579405388742025,0.5802688641192678,0.5819468906945979,0.5776492338537985,0.04975364347188359
0.5777076301650969,0.5769674175917722,0.5602953783676003,0.5569430507557207,0.06679985652145434
0.5570361062531115,0.6350257129538753,0.5640597070405762,0.6383134759762668,0.10167510100245812
0.6385007457184099,0.6500909835685182,0.6461368214597488,0.6555478477727505,0.09252605861949809
0.6557645767610429,0.6542319180001243,0.6533904329586131,0.6491592489317554,0.08313491438652215
0.6493462353067044,0.6388333698900988,0.630462040050639,0.6273109631510164,0.07112412770932708
0.6275710697543999,0.6163485026264127,0.5835072537498892,0.5781308727509324,0.08123487634288246
0.5784460583201325,0.5738672134828693,0.5830720889776634,0.5820333129328741,0.04835281762377132
0.5822420985342107,0.574943943015465,0.5745328652836292,0.5674818941215686,0.05624345034090584
0.5677719564223441,0.5718824722336618,0.5601628702224785,0.5621702442599755,0.08131999118069864
0.562288999816089,0.5700482783131668,0.5706926659630013,0.5721901766368784,0.0734286530453678
0.572425340946136,0.6161452096199146,0.5820006373198009,0.6203533707591405,0.0919706520625074
0.620386122060592,0.6094237242310679,0.5839164596691081,0.5825805112947642,0.08853422239055114
0.5827730177094355,0.5813819346264072,0.5765836736685727,0.5730464493277514,0.07510492268109265
0.5731919471856054,0.5701088845779229,0.5830041239806997,0.5746645102465862,0.04162996269333812
0.5745316817473525,0.5686616821637738,0.5672303449458042,0.5590187526774287,0.04927835325183009
0.5591187913785072,0.5764360305204297,0.5665142935845643,0.5859830533121994,0.06928454543689108
0.5861019742852467,0.5771961720647608,0.5760214875087922,0.5811162339833545,0.0681785619622155
0.5812234549839733,0.6015600613789821,0.5867771252704757,0.6079032748097926,0.11286406672215461
0.6080187260148907,0.5989656689533809,0.611554496481264,0.6050459603126899,0.06269534831671483
0.6051094837461071,0.6122091630965109,0.606110158039592,0.6176560422237769,0.09806089472159203
0.6177230031836212,0.6139707889894691,0.6257485613158994,0.6234358828871694,0.056014432074434406
0.6236119909118701,0.6128714460291401,0.6167181253261016,0.6094449946012324,0.05733392951146076
0.6095815080886057,0.6013990332676428,0.6116326090298577,0.6069248679082732,0.0701204882982425
0.6070281445898918,0.6257552328772193,0.61586514101525,0.6259312001628734,0.09117435891233004
0.6261793854732032,0.6223838954786187,0.6298995589038926,0.6338575771121931,0.07190814550869813
0.6339313736315407,0.6404414295332618,0.6427170965604405,0.6497055778047229,0.08843429015483638
0.6499303217729285,0.6530932721049442,0.6575201914850551,0.6554602032893632,0.08709916207523506
0.655649429280209,0.6492509830174317,0.6644675475158305,0.6577172226343754,0.04828027001734152
0.6579574231218789,0.6797498895795905,0.6685608456532763,0.6921393616210972,0.08022228330502612
0.6923406580295229,0.6981127903497942,0.702587297193053,0.696702613384135,0.10359029850949293
0.6964756469711717,0.6971715705012722,0.7087832034266698,0.7017142316015391,0.08944313655659199
0.7017665171705774,0.6918179411667955,0.7034332018167209,0.6957330173036969,0.08356450881680248
0.6959073309554948,0.6897309553262,0.6829580385126912,0.6731181321229582,0.09494335563727481
0.6735246551795359,0.6766686534088114,0.6680450314445493,0.6841432516601934,0.10872039363647042
0.6843797114014344,0.6826769898928229,0.6888781319331091,0.6780191513494211,0.08357223111093176
0.6780511803437785,0.6868356960862746,0.6866367029707441,0.6866944480906498,0.07239667283602763
0.6867511929024764,0.6792182746651474,0.6806212107655256,0.6892039090528264,0.09258514709178281
0.6894115287587624,0.6838123320630445,0.6852880225622459,0.6733750950825196,0.08443844978329777
0.6733790684099618,0.6610384458262647,0.6497822703854315,0.6385138641899377,0.11222718755329242
0.6386936438396257,0.6364874403656868,0.6453411826150854,0.6429227526862685,0.0743557893309249
0.6431113992787704,0.6371045534036249,0.6345178748434044,0.6248754667131802,0.07752998540510261
0.6249578133313652,0.6208281258270403,0.6345173438668655,0.6322130837301144,0.04571679183446313
0.6323645329859938,0.6294251016983631,0.6320698960074544,0.6236884404361901,0.05028624084330368
0.6237549685995522,0.615546153147698,0.5920740292265467,0.5838335607639357,0.09671700923017876
0.5841644700722418,0.5891964972903166,0.5923046500365563,0.5928154972651641,0.08828757503168333
0.5929195632486599,0.6010438828346039,0.5972044425390141,0.6082416219324994,0.07888372113025897
0.6083063048189875,0.6013563126862829,0.5969476858838179,0.589971283067827,0.06934108404072455
0.5901859991606049,0.5891984909174467,0.5995316537110884,0.5991412030740989,0.06197519821322363
0.5992833459016567,0.5894311756839206,0.6027274245058185,0.597227226091975,0.04794603071791322
0.5972864126011117,0.5885131958316583,0.5958171778353646,0.5867279734550648,0.05436975230641589
0.5869473168182571,0.5945733666210531,0.5818510789280449,0.6031886160423845,0.09601969705610856
0.6033778650841806,0.6045859316763187,0.6108863510033007,0.6132279090392949,0.07207985490566837
0.6133755190167678,0.6111965144359549,0.6160587114623315,0.611322974741965,0.07924964992925493
0.6114425372123758,0.6223849777333466,0.6025069512474389,0.5987538747420915,0.10077122056902806
0.5988907080667084,0.591532116914427,0.5912034636925222,0.5870747256373557,0.07979724308539382
0.5872073553134939,0.5792555888901854,0.5917590421442644,0.583311635546726,0.04596539067510814
0.5833430731130402,0.5779441809639857,0.5899668193337063,0.5830528756433916,0.051169306705811816
0.5832574372473849,0.5873616198405198,0.5764469177111405,0.5977291530639672,0.10097906121675407
0.5977412625442851,0.5906008082407803,0.5695991492800828,0.5629926648487993,0.09848123499401203
0.5631854803541829,0.5714113496624246,0.5712956783188744,0.5796669698473401,0.08825769809573003
0.5798261466818093,0.5841202099700287,0.5855548762756,0.5875719573691665,0.09658535037407129
0.587651073173928,0.5785470538081371,0.5748936343430329,0.5702989802645239,0.08797840709703342
0.5703925182746765,0.5622727337802329,0.5667741771015999,0.5570185803601214,0.06806946999765967
0.5571439483046479,0.5601823872539037,0.5650803029455023,0.5682106417704756,0.076922411742852
0.5684084564447988,0.5667021745379562,0.573700884044756,0.5691044763828004,0.0937899981542302
0.5692384923640428,0.5602135447979089,0.5650777660575949,0.5575465340338603,0.07784611034596058
0.5576596768253014,0.5787756943595754,0.5672894603337881,0.5864522295347776,0.10470788034720468
0.5865694637806967,0.5771181927635851,0.5389625109612634,0.5401057455671763,0.12280628228242872
0.5402219649694654,0.530967433524324,0.5333080828024146,0.5321783252311495,0.1076745061333897
0.5323452047170922,0.5237576234101458,0.5251325190400506,0.5241804183264726,0.06943765982500102
0.5243365988597763,0.5146149633129187,0.5090949036627752,0.5027719780086598,0.10473249104391187
0.5029195732818481,0.49593741122080515,0.45499458908749935,0.44694197836340666,0.18050266277789007
0.4467194565014263,0.4722305644478996,0.4496759445920349,0.45771459831754935,0.1704034045327266
0.45774065326024815,0.4637306497374265,0.42287676221505976,0.4267516920260092,0.20054289595908167
0.42687585225337266,0.43484433120005495,0.3953898472255797,0.4284047353824924,0.19085614273411955
0.42827368237191504,0.4478567354784152,0.4321187333581677,0.43189718255451354,0.122050839357919
0.43205461890081837,0.43718274190214745,0.4309192278583698,0.4440381172259864,0.08141608453101641
0.44412095588598083,0.453447293157114,0.4433769109151086,0.4619023467979255,0.07359616002473467
0.4620182140323957,0.4534057402716446,0.439210574004884,0.44050121018706173,0.09291028719883372
0.4406154224456783,0.4444983281757729,0.44401974651139015,0.44885482500993135,0.08290229903574187
0.44895810674436637,0.44339340305947955,0.4311814417724367,0.4235451617946685,0.08912460993140531
0.4236642463831042,0.4406525075202013,0.4310105263243431,0.4471998977607827,0.09621420708786678
0.44727553882200954,0.4440679610391529,0.4322890293336327,0.43067497095912655,0.08759770481657092
0.4307813579477199,0.42837620733906034,0.4358200233165119,0.43411006084522713,0.04920454222381618
0.43423398500521226,0.4405811926297178,0.43956246395661136,0.44733921886913053,0.06161811262164624
0.44724996981946785,0.44298320003726144,0.43503715740747567,0.4291638861607227,0.08968930417979872
0.42931586563877805,0.4310809612665081,0.43218307001544976,0.43742455261777763,0.07582185431673436
0.4375092234838469,0.43667211703334596,0.44122029070546526,0.4360411667591242,0.07841061673642365
0.43619775397592997,0.43195303073400215,0.4242585991585351,0.43166155105651743,0.10476464108048243
0.43154251410501493,0.42484845565190726,0.4252358909768541,0.4221696013363175,0.10421666269748242
0.42221359685114795,0.41709022719461775,0.4286787428542959,0.42494938640449775,0.10118947447613255
0.4281097740494994,0.4270512997091509,0.4330064671336127,0.43431381108273176,0.05153825899144918
0.43439566111312033,0.46280073660277105,0.43999122751167524,0.4681537982528793,0.11189836988883915
0.46824461402887885,0.46717871330014954,0.46993482345260196,0.4691320022736501,0.0955439434839328
0.469264156262879,0.46291235124167074,0.44298192336765035,0.4395539020060035,0.11719188863034594
0.4396132740909582,0.44318951196484235,0.4452642965208945,0.449472596889364,0.0828512638449614
0.4496012164409474,0.44360219278077934,0.4410804373848902,0.4381487789242877,0.07456542553187799
0.4382959486436836,0.4333587941842322,0.44295802942340534,0.44005597389281614,0.04724857710119055
0.4402103479870447,0.43608824060770596,0.4440823722442695,0.4411503416336323,0.0491738978800542
0.4413260203938659,0.4590627996553271,0.44891148586967644,0.46287518897034097,0.09101104908788894
0.4630181301726082,0.45609380469197436,0.4401137355986502,0.4596818749706222,0.11615233655910548
0.45974883460272753,0.45265257642226897,0.4496699268579288,0.4457162888123297,0.08615218234091133
0.4458530093948894,0.4432562415129266,0.4508156857325237,0.4441973786136234,0.06179041744200699
0.4442952715461657,0.43795567114049894,0.4350762136817725,0.42893973191650353,0.08508488003673037
0.42907156860428974,0.42565006464054506,0.42387054380477757,0.41821102115294684,0.07761711461753996
0.4185160929631913,0.41253752331947713,0.40161480967534635,0.39449544994522207,0.09732479039066114
0.39423426647804,0.38764472472763223,0.3318164097206475,0.331053683425772,0.19431914748909018
0.3311585231570071,0.33257393658080436,0.3138368066501817,0.3268898458907644,0.1450517627800221
0.32683547739054225,0.3270870475128723,0.3021703671323131,0.3323217170873745,0.15644453882538256
0.3324694128689481,0.33038621560936215,0.303482085673973,0.2998060484950789,0.08883599561636928
0.2999550343307502,0.30668164726746244,0.30440781377063725,0.3011390909451199,0.07729185742089859
0.3012568502356668,0.299284635565765,0.2648688523013487,0.2795651579023923,0.11968110214069108
0.2795489410165785,0.2985231839236055,0.2702838395399049,0.3023527815490665,0.10064914533947307
0.3024434606801518,0.3018697433850173,0.29478171060041947,0.3030393300022684,0.08779452380752663
0.30305088393441,0.31218365942119597,0.30574510768224833,0.30468738828892933,0.08252829637751687
0.30490799943534214,0.300738587831769,0.29718175405439634,0.2939501565339322,0.08140162387256655
0.2940311138949471,0.3051133462453517,0.29872288395950525,0.3102562619567605,0.07460118359126273
0.3103290918109578,0.3100297446698032,0.31121929880487836,0.3124195214129637,0.07109564122294548
0.3125400857858426,0.31072962171402924,0.31404474296250684,0.31643624142228516,0.052332226100808996
0.3164420257349374,0.3145619141855035,0.3148253374719049,0.3093869469320501,0.051348164602641425
0.30949180844201374,0.3101051607360973,0.30884335578602273,0.3050566022683847,0.059720937109913046
0.3050880550756894,0.3055312959329897,0.30293211197458453,0.29830704959269777,0.060905793083256915
0.29840323939078056,0.2938618273698728,0.29853671768527007,0.29568626506547774,0.0670922320724612
0.29583755522757677,0.29061010759908007,0.280289856423619,0.29094813009716225,0.07482668590755896
0.2915651836294144,0.2977773110534486,0.2854861993229847,0.28330056926232255,0.0876494726792084
0.28346644848762903,0.279390572198846,0.28478197693908097,0.2828982567378842,0.0515568716346959
0.28298049249034324,0.28211042073170756,0.283873800566893,0.2837117505737704,0.04668569851076338
0.2838000920820192,0.29232476933292995,0.28532546092521766,0.2975743892436395,0.06151298996115521
0.29757476892067175,0.297818066488066,0.28952669479351867,0.2969638051392995,0.07610405221111134
0.2971185854467536,0.2972356995229674,0.29681071944857634,0.3022782083824805,0.0700731909790818
0.30236098470256556,0.31438826926246916,0.3039484305685038,0.318443253719116,0.07353803537467021
0.31852981306492184,0.3223080954388495,0.3184680135201072,0.31983116092016645,0.14216329999409558
0.31971239392737366,0.3159240741623588,0.321315050723646,0.3177698345486437,0.08443994226100146
0.3178459437112279,0.3117527796375997,0.3104582619313253,0.3069110772252459,0.08172648457617071
0.3069405611986124,0.3010390274402796,0.29833656902884703,0.2937057142148548,0.06879472023695692
0.2937916581568584,0.2891852338087884,0.28903279811636456,0.2841100054832371,0.07352449401795462
0.2842254593998128,0.2918042617696405,0.2843722400433233,0.29728966060448647,0.09413131120184108
0.29736865145120317,0.3000699252923233,0.2947830380417664,0.30259983233491133,0.08876410088398974
0.30273712734199665,0.30514954481795736,0.3054723037361024,0.30655313761881886,0.0737961910497954
0.30661030941068185,0.31063469658224746,0.30731337638822814,0.31180606799517946,0.06922982437726778
0.3119676242289373,0.3118921911347709,0.31122938735911515,0.30570753065872847,0.06531158859229906
0.305835644007146,0.3269464968001981,0.3112857593683155,0.33102846824701965,0.11388286460507405
0.33085963833137827,0.3420232165306455,0.3249013252639513,0.34443937843868855,0.13893038103419283
0.3445942802578879,0.3497495469538529,0.3449365450069061,0.34209920696972174,0.12231133645729238
0.34221958088917903,0.3379600905178897,0.33619472426463126,0.3411034392727165,0.09580836402770879
0.3411887616234457,0.3420956136758568,0.33879653880334404,0.33443095229852665,0.08951293492542337
0.3344090623270641,0.3319652822179756,0.32972689904576646,0.3307285525346871,0.06842872663607853
0.33082490855241575,0.3319184889411927,0.33431725022090253,0.3328607422533931,0.06712857496434707
0.3329273357307942,0.3271810897526393,0.3200416214901714,0.31434929411051293,0.10134614034817647
0.3144327137903048,0.3083995272851081,0.31120879726888917,0.31253968478205246,0.08154374858457403
0.3126968336279546,0.3321011621470878,0.31564902957703384,0.33762986001031353,0.090474291314807
0.3377732704982162,0.34849042901923777,0.34059156399007906,0.3511831345215589,0.11456074590777603
0.3513035343431853,0.3511781231945291,0.3520536070392144,0.3506006349094155,0.10223708670711426
0.3505852251085168,0.3552288887190781,0.35355388124953396,0.3483981035368796,0.08018617848448015
0.3484367621296438,0.348653336836157,0.3489503146583216,0.3436597656878156,0.06709465845461855
0.34375606921538227,0.339075097691384,0.3431369475221983,0.34332295466220514,0.07363544369345926
0.3433362389491595,0.33834970221989236,0.3404075806193922,0.33833574010055895,0.08087295482356967
0.3384807085583346,0.34073544732613165,0.34097776092595083,0.3363827520487791,0.07488632211146494
0.33650531467829814,0.3351849615527484,0.337018652359333,0.33318413416663306,0.07155849714052348
0.3332194079537051,0.33846325352514706,0.33892886995628635,0.34295368271682153,0.0822748111164944
0.34308376679140956,0.33705951218243474,0.34420146698636006,0.338085877967198,0.04551018084683397
0.3382165535116683,0.33753265686118983,0.34319373251315105,0.34127055504362,0.04524963174183433
0.3414229122283539,0.34984974095733573,0.34745272482939255,0.35067265757516214,0.0814037647566007
0.3508029095077066,0.34540116137916305,0.34451441865857696,0.3410988309814273,0.0671007198596621
0.34117609308137004,0.3487374963814361,0.34133546212090815,0.3527227965225488,0.09354720634922933
0.3528343116790249,0.35887509033814846,0.35839432237443486,0.35286950828673774,0.10576962509857238
0.3529657804165833,0.3528955760063612,0.3547131800258677,0.3594772763021299,0.07767190757952895
0.35957058425680394,0.3594207745640527,0.3651171048280033,0.35979261095135473,0.06548124855957364
0.3599693969188967,0.36109570615723785,0.36300482115934796,0.3582384284853592,0.0655005875919464
0.3583257043167307,0.3634386737213421,0.35746968572954474,0.35553231811187835,0.1000609308770192
0.3554732240739977,0.3502103026640136,0.355864573151513,0.3517678658219367,0.07906203221009618
0.3518394107740048,0.3528152613134045,0.3484617277465553,0.3436464335243373,0.0881169646140055
0.34382019465032804,0.3405193666256131,0.3474686541255559,0.341817347644013,0.06764748535930903
0.3419243777679978,0.33540810538938515,0.3125987758526257,0.3071648810417222,0.11540762984168113
0.3071852930800827,0.30824912235833357,0.3124157659389266,0.31144612856423065,0.0786117993248132
0.3114533451982238,0.31288675474921773,0.3161382359614287,0.31690788119681046,0.0658088094498856
0.3169610590926541,0.31088344428731257,0.31366108291454253,0.3149014195762972,0.09021085405404611
0.31502529426757736,0.3125565816160806,0.3139020577670583,0.31681835282075754,0.09081428657597793
0.31688672924853073,0.31455245869682913,0.317524851693753,0.3148437144948076,0.09105355094807985
0.31494238344300907,0.3146481243186878,0.3200536864570803,0.317898895687706,0.08839350882551122
0.3179202445655525,0.3148708124691234,0.30248913004776,0.2980011344068,0.12058533900869357
0.2981258360060626,0.29352088865023296,0.29782281972888197,0.2947619983408657,0.08579508008656261
0.29483897261810904,0.29057940574127605,0.29368890188621943,0.28845643569196866,0.06941177151144182
0.288517717999952,0.29376422508165917,0.2934468060832329,0.2985646501774689,0.09297854755227138
0.2986621182940653,0.2964645360686454,0.29370137983488076,0.2911274187129807,0.09823696887281645
0.2912551377312475,0.294690578167868,0.29644930141784753,0.2948810893402834,0.09465217247167697
0.2949794281932955,0.2914446399157526,0.2942500555916189,0.2960293074283661,0.08598114361763783
0.2961011594680659,0.29440736919383914,0.2966786242852068,0.2936940630632934,0.08296648105907466
0.2937804391047228,0.2890913909317344,0.2949204429705237,0.2916509379932149,0.06726407724195481
0.29174329695324214,0.288547187685984,0.293990998038088,0.2939454612937507,0.07191646145964503
0.29406349550020683,0.2890060921709524,0.29453819885999616,0.2913583549707954,0.08208165911484615
0.2915244239723015,0.2908158499189095,0.28135487736562287,0.2768944647110211,0.12365458657227486
0.27697789374059667,0.2801987601570132,0.27900321177406806,0.2836115564669349,0.10039217881863809
0.2836906555915489,0.28005556076829474,0.28553159781705023,0.2841978528473732,0.09171523074302874
0.2842576380764809,0.30954113514059584,0.2890695239936301,0.3146379354498171,0.13808791232438947
0.3146670963136035,0.31421997865229856,0.31712788773362266,0.31908061808226884,0.10516187363361032
0.3191441358912944,0.31436984245170924,0.3207258437577811,0.32039711125981835,0.09826714786423978
0.3205038154346159,0.324119761372774,0.32370046282410986,0.32931838641722083,0.14305301014237026
0.3294292526687833,0.3275412527338911,0.30042280534840565,0.2985455504041381,0.14555763340529643
0.2969692010135368,0.29536442413785197,0.2963558790457191,0.2977202315189059,0.10789334291375714
0.2978261394660673,0.29319119968368457,0.29398975909283087,0.2897088185529662,0.10366676205239057
0.2898365219269654,0.2866652321555286,0.29041543152464805,0.29076794300945724,0.08581397813390527
0.29092045050410054,0.290921739999907,0.2961087389656141,0.2960357706293566,0.07109468152367839
0.29611840839835196,0.2904070424356825,0.2902253714224618,0.2855285186943594,0.08903773678655678
0.28559989475072356,0.28329463524700493,0.2751647233778428,0.2873778346836138,0.11445992721148678
0.2874852173258882,0.28275476102016567,0.28155549800119145,0.27768274336815496,0.10481313964925897
0.2777734607890674,0.28380719678216143,0.27365433111458987,0.27258710353787363,0.13208802049977908
0.2724800394873673,0.2806324025382041,0.2755464365118316,0.2854401496368698,0.11719174783163779
0.2855082869865153,0.2807455835984204,0.27859671973493627,0.28372009766742634,0.11081017460639332
0.28379527977541835,0.27849304126486135,0.2822883046220994,0.2783686541961471,0.07449161616786176
0.2784417916106045,0.27593442020605213,0.27978861457101173,0.2763666269691385,0.06654295835844204
0.27647645719075165,0.27797794497521083,0.2801634250099964,0.2826076445570223,0.1257768087897603
0.28267983928698753,0.2934870539497959,0.28309925329029767,0.28094379055493607,0.1668714007746066
0.28093998752220173,0.28400715758331346,0.2776262421155316,0.2856355817636826,0.151199788282962
0.28573655266226716,0.28256240448249564,0.28323043399407266,0.28780701441575723,0.11691273144954528
0.28789843791798464,0.29015353850589265,0.28838533122471705,0.2857107925554784,0.12528231017539881
0.28578592228962374,0.2808401100047761,0.28786305680143487,0.28393462956756993,0.053320934076016735
0.2840158341646894,0.27936958215320445,0.2839292286178022,0.2799578770657191,0.05915181462746343
0.2800412167900027,0.2834996940375326,0.28475395317731206,0.28855683267955273,0.08684362575471098
0.2886428379715732,0.2940978728220802,0.2922846754320257,0.2991411503160471,0.10223716916332827
0.2992155915327565,0.29356423580011953,0.2964828119371838,0.2965275535639197,0.09464806291027313
0.2966201638359838,0.29450687966802025,0.2979672748461264,0.2934814440387793,0.09888676191455521
0.29359994861739347,0.28915082950059984,0.29035074088300683,0.2874182079525816,0.083260861801373
0.28749614648003585,0.28274365366901205,0.2888950982006413,0.2854849283163783,0.046818479884322306
0.28558366046339556,0.2818810396901923,0.28964793443653986,0.2859279908883176,0.04795774662642963
0.2860131733224176,0.2814862730380389,0.28592826679021466,0.2814028807060134,0.0781255694397657
0.2814502659606808,0.2774980219642133,0.2832493131598959,0.2800663603002824,0.08179123705438082
0.28016853998633273,0.2769328001924338,0.28482239015342137,0.281639729488501,0.07107395491099021
0.2817169431198428,0.2805801695073947,0.2740999974228049,0.2849853779474409,0.12597922864590738
0.28506497498326444,0.28693525471011094,0.28611599649536956,0.2820583594217182,0.10954587450843699
0.2821395274169516,0.27706902188619686,0.28466368716571966,0.28030700585106494,0.04611986403360073
0.2804099960205386,0.279650939902041,0.2854137800228346,0.28328167236974033,0.05123916749165221
0.28337333325388314,0.2832410066772044,0.28699086883909747,0.287476202863712,0.07826099783473656
0.28755757586369324,0.28369583846674984,0.2865594504013397,0.2842658468811123,0.08711511625138715
0.28435985610705,0.27905034548889546,0.28630145480088637,0.2813739557078584,0.06388005224227032
0.2814366987348424,0.2785659795374365,0.2839418835586431,0.2801008210445773,0.06977410082131034
0.2801768020789907,0.2774312924161291,0.2809138423527739,0.2818626664482287,0.09246975686180074
0.28194573061197303,0.277587080136155,0.2863702752600514,0.2823927358783457,0.045869709976270864
0.28247047496005334,0.28339921523017403,0.2862487406300642,0.28771734112488395,0.06303496694454691
0.28781439649126317,0.2825603538945904,0.2874891313233482,0.28443139757195535,0.08603871336436499
0.28450735620334483,0.29363224696564455,0.28832167303745676,0.295565087292646,0.1360705907718684
0.29559894019365324,0.3022315582287484,0.3006259038744885,0.3055754263084374,0.16779603333630577
0.30570043558554244,0.301005363622168,0.3033332647496319,0.29838423122605123,0.14138052560559675
0.29850397894161085,0.29912335113093746,0.30077619973365954,0.3029772195102382,0.1253377800653224
0.3030628857111132,0.3029644440421719,0.30803208263216186,0.30628823332709876,0.11500938272580086
0.30637102761138596,0.30192345739598053,0.30774479482598593,0.3035745294170281,0.08969754153534815
0.30363569514560407,0.3001490438090019,0.3038178693373574,0.30149955206942225,0.13010681710257996
0.3015755640836749,0.29799045827404713,0.30491115003070296,0.30134373965451117,0.11344073015432837
0.30139834944361,0.299383348589094,0.30079230602200246,0.2965095551432241,0.158268560853173
0.29664466021596986,0.2941234197297335,0.3007787956189602,0.29725870679884564,0.12315530540347357
0.29732861653906023,0.3061894776898084,0.3023160021974215,0.3111667038075049,0.18254628269687911
0.31122238347118353,0.3096501580642264,0.31605422367351527,0.31317684626445674,0.10781831120667498
0.3133037060760356,0.30816994688087984,0.31337423758881555,0.3078910202238617,0.09994465483610557
0.3079538416360717,0.3039101068311554,0.3068765006915996,0.30308799239896406,0.1524522129565691
0.30314553562749225,0.2982429938706595,0.263281822424332,0.2724961549965807,0.3390297009763159
0.2726152768987697,0.26799784756177875,0.23427054753875945,0.23301638733697255,0.29319193857596587
0.2331245322691305,0.26017978181019774,0.23655607705253967,0.25833206451728263,0.2370523383504728
0.25835864465506575,0.25429786976662416,0.24727134584792754,0.2501336824500424,0.1591787647513367
0.2502488933897363,0.24577810422601246,0.2489069305795459,0.24664485814853168,0.0846581184599321
0.24672889403983256,0.2436504483919623,0.243905603563395,0.24002920676690892,0.07751057671847064
0.24008386685377678,0.2464000019690628,0.23714394182770931,0.24395915178176542,0.14139515012792814
0.24402397187299196,0.24556356146642286,0.2472572749696499,0.24791254401456514,0.10426632742945788
0.24798487707284622,0.24422686295605808,0.24555906450515225,0.24471951984448717,0.09664748838424883
0.24480976935926704,0.24081679223035785,0.24602080760301362,0.24498778616004094,0.07939035370121258
0.24506931502792417,0.24403385136947392,0.24759046274773358,0.2451400336703698,0.07652196528362169
0.24519263763201973,0.24185849088623848,0.24767804437793553,0.24534436356715608,0.04587478897303783
0.24544050041176044,0.24111338698654608,0.24281903382352565,0.23911609848346888,0.06071159398542212
0.23918135643753258,0.23447049322720798,0.23300722160886994,0.23162897284631154,0.10663139621570358
0.23162752804889297,0.23391381557170046,0.23387656294698556,0.23760156471233912,0.08753344189559728
0.2377618709392865,0.23952999135902148,0.24163811250258496,0.24384797313154238,0.09389323781898572
0.2439371764153845,0.24147349300702275,0.24664131268596987,0.2437553435783326,0.07443290396420407
0.2437981413403393,0.23902141707812524,0.24492914933798096,0.24252927724872256,0.05320330968695226
0.24260042780291385,0.2399480549682098,0.2453493877697278,0.24167512031422766,0.05127077237522805
0.2417440981361582,0.2388914895500159,0.24566348989111209,0.2413834647466588,0.05823417456014211
0.24139291571349397,0.237265999909658,0.23988653889594003,0.2380104273866603,0.07903165715757586
0.23808916576773942,0.2378394240330586,0.2411683015112038,0.24138873964612192,0.06717470578124082
0.2414708982722662,0.24759008344420028,0.2457911307512952,0.2521262032648317,0.08410500210797323
0.25219518151177756,0.24768574906605897,0.25248057967770693,0.24913707424707882,0.0652192446960507
0.2492367435544302,0.2460986794685374,0.2523218766900052,0.25094045223826134,0.055657846317558636
0.2510388654070386,0.24649794602192734,0.25247683334323884,0.24826309296515103,0.04619263877856373
0.2483385526182072,0.2471064010220431,0.2527078966336974,0.2515611224141023,0.04792144155345003
0.2516147187704035,0.2503200425146504,0.2529947419594244,0.24925123814260236,0.0632637452534345
0.24933403331920329,0.24614538730415758,0.2532589027874669,0.2509529728787453,0.05665572419364808
0.2510300814980022,0.24640077093952728,0.25039888615742456,0.2473711132625276,0.056044495731442906
0.2474358102835726,0.2487125809596263,0.2509762051485601,0.2530893941102075,0.058384348245495446
0.2531472934737687,0.2488967636260628,0.2556892414028507,0.2516006841600758,0.05790515850100606
0.2516937739517313,0.24796759098148421,0.25598900715768796,0.25153497978049927,0.03618872249758568
0.2516268365063019,0.24838767669819026,0.2555530754193505,0.25117095375161475,0.04022250608228977
0.25122295062941913,0.24790544677579932,0.25264680483304125,0.2526881829384042,0.05587973987876773
0.252765729741962,0.25836831523898623,0.2558542866103211,0.26121899960367834,0.07587381260453148
0.2613096032443227,0.26403260864111233,0.26533540368675573,0.26172846214633216,0.07273882911161564
0.2617783103113224,0.25715302862084644,0.2590384644172879,0.25503913607001,0.059717382976119754
0.2551124539548288,0.25217739099024244,0.24789388634094908,0.24439372234522835,0.06845667778249286
0.24446180480426963,0.2418980501445778,0.24833683876907706,0.2465841098558134,0.041194391833019275
0.24666784152355958,0.24211381756083303,0.24960236235186314,0.24603334658934103,0.031110032684051638
0.24612506552062563,0.2419992124812381,0.2450761413431329,0.24131005089863614,0.0490513472229965
0.24141613654233282,0.2449951783716227,0.24552517050276018,0.24823442881367275,0.06472546971838072
0.24828448664344505,0.2435926332051885,0.2504797420848019,0.24691715309609302,0.042389288111951286
0.24700583358776976,0.24286168405812003,0.24801028819772805,0.24710719439158632,0.04683030419203032
0.24717301775744985,0.2434237445068789,0.2510619283608763,0.24661173062058464,0.04366099312212244
0.24668813438271966,0.2428329473470586,0.25104785748259867,0.2473656064993518,0.027748647706337552
0.24743812946747662,0.24277245500385292,0.2504698010240481,0.24727999082345012,0.03319580032805321
0.24736011791890558,0.24364107834445067,0.2513324314086875,0.2484347590614156,0.03385278840175095
0.2485036205325749,0.24422031246691622,0.2487603810548429,0.2454278634866797,0.04485575208135515
0.2454921602332222,0.24142530419124875,0.2465777134961028,0.24298529520560705,0.04843771703657226
0.24305678521562477,0.2397277591703304,0.2467457675706263,0.2443174102007974,0.04121905448406512
0.2443779083265422,0.2396063187977179,0.24523227794423047,0.2437274619668846,0.045370288290843205
0.24381898500567656,0.239395734812001,0.24687921967403936,0.2429099684819549,0.03200708630769517
0.24299135523973298,0.23941692422035551,0.24693532619497033,0.24406125876423038,0.02632320998190329
0.2441430909562615,0.24129660131980507,0.247705507664469,0.24500192984651353,0.034453472825808774
0.2450832011415494,0.24131269273878397,0.24846282770225062,0.24487411497490677,0.039597345500296414
0.24495492128185906,0.2442894343675566,0.24914840690990384,0.24759535445563902,0.0524724253338524
0.24767512107266731,0.24311464686054599,0.250998860147548,0.24720208461599458,0.03899807656270695
0.24727436609405495,0.2446890996463726,0.24988330793827032,0.2489120505139371,0.041052157322808445
0.2489908520810079,0.24444154811758553,0.25287028695847397,0.2489581913927575,0.02196491931589741
0.2490209724819612,0.2461349065215306,0.2530191963789048,0.25097731856857514,0.027817577388597088
0.251096671065846,0.25049217797714335,0.25558587796996846,0.25254152914014344,0.05305081709260707
0.252565468211851,0.2518740179018118,0.2566279784247151,0.2562474648256011,0.045026023237258565
0.2563267786469667,0.25843846243357926,0.2592711206373628,0.2634979880354656,0.05233149971738158
0.26628976078018907,0.2744084980006505,0.26919716655459747,0.2773681332930322,0.09962737122288758
0.27744132466421484,0.28803146482780684,0.2806449027358824,0.2928007791272862,0.08325434914238214
0.29290201921128145,0.30422940045623953,0.2980841781807475,0.30863020173983874,0.11101448898089
0.3087384795303948,0.3030425087845102,0.3086437971035317,0.3072130507280284,0.05497031443234256
0.3073245600735183,0.3083959387562739,0.31028643202363715,0.3114991384055388,0.07632329832351185
0.3116825385475373,0.30953019867176773,0.314255393154919,0.3113787431727373,0.07121587771796362
0.31146311476041944,0.31136521852350235,0.3076554137752915,0.3043636485801204,0.08547850920572254
0.30442311606061195,0.30551070461277424,0.30982781578761526,0.3102698549669155,0.06025419295997835
0.3103398470263126,0.3278115600923492,0.3133581607991692,0.33386074146315453,0.08204089770790422
0.33397035970182243,0.3364147731685506,0.3374133449198252,0.3353605808714941,0.09242129168410103
0.33546292848284354,0.3331248327176345,0.3355415346258435,0.3345116408705342,0.07049330059406937
0.3346183976641995,0.33414200975981456,0.3395651273432264,0.33768747814291084,0.07554317535576129
0.33771369646168203,0.33425174469313446,0.3379859146208084,0.33326592409127576,0.07521940586422748
0.3334039570128664,0.34282721787183945,0.33581604949639215,0.3404094132147811,0.0874153036133302
0.34037542382831054,0.3357546547453769,0.3434477162908669,0.33914685733339034,0.07508483178105396
0.33921415046797676,0.3383887773116429,0.33956949315032303,0.3398287395293749,0.07230816762287517
0.3399451282447209,0.3347166870202684,0.343409544977468,0.3391218160524225,0.041904857737823986
0.33922502164252677,0.3457113982409989,0.3445607906096303,0.3501544711603193,0.078121764142048
0.35025616190233705,0.3438078260963754,0.3396146261561192,0.3362882386029039,0.07750035306541164
0.33639521142245543,0.335578845312887,0.34124557959237156,0.3407273273478093,0.06505522633341762
0.34080409598316735,0.3434460682134195,0.3429398962289182,0.3494006822304444,0.07601204372151947
0.3494572610270043,0.3493178127586294,0.351863635433118,0.3456626913867107,0.09135182684682015
0.34572560715606115,0.3421856686613636,0.3490145333208172,0.3453280830663706,0.07715122822680974
0.34538286076484775,0.3404190017398048,0.3491933544195993,0.3435848447256606,0.044544374517342125
0.34368971156592887,0.33847211092568236,0.34239632374669166,0.338002580928423,0.055727818212285486
0.33807577904869507,0.3340369171296691,0.34013483567063946,0.3351006616495963,0.06786800321898069
0.33515540469717225,0.33683221020921233,0.34110495930568496,0.34258235298098805,0.07745011658497163
0.34266805307661635,0.3376631539970506,0.3407249570960989,0.33776118182057435,0.07227406740096398
0.33796512498667514,0.33224564315324706,0.3262692093239354,0.3211358580313341,0.09279253912972221
0.32122899525160004,0.31685800303166206,0.3227262388702371,0.3186450041320989,0.07713795210961542
0.31874781635189847,0.3161321803543568,0.3239202576124677,0.32190506589810125,0.046587124555897974
0.32199928319551707,0.3186050469661828,0.3248925936497581,0.3206782749943891,0.05076085294156122
0.3207539394186631,0.31623431102419464,0.3215284737935385,0.32097355343246836,0.06813508642973587
0.3209739430017569,0.3219901973527564,0.32413087830618326,0.327097769675097,0.07632359046622855
0.3271895587930865,0.351368486105069,0.33093304175229915,0.35806789272469386,0.09253821168357047
0.35816292659646826,0.3634171995091118,0.3538863905575959,0.3479123780418099,0.11200855651598109
0.3479797959311581,0.36035387750211634,0.3517452276649703,0.3618928614436411,0.11782624191340846
0.36199158033419654,0.35852814225673063,0.36696360524030325,0.3630158353700073,0.055902095052257864
0.3631007880158853,0.36281842784077095,0.3648381061555716,0.35836172201456895,0.07279759387366594
0.35859742570088393,0.36175984031505937,0.35880081441356665,0.36580370668516676,0.0825772014660564
0.3659657628619012,0.36331125246733914,0.3629157645943161,0.3599749137954378,0.089030099407597
0.3600935022475598,0.35376718978765415,0.3545176331661141,0.35630204767199897,0.08603233368842192
0.35643180076112124,0.3552217401417972,0.35526678206493784,0.35272056483431435,0.08681950513096556
0.35279961088986117,0.3483917729566839,0.34489309342681607,0.34160052608970687,0.07637815006393957
0.3417286386464996,0.3353628785339188,0.34269535203411394,0.34126290354110206,0.04585911227134889
0.3413431033122573,0.34183954651118537,0.34605829194246956,0.3469884591127668,0.04740860547945885
0.3470917224347163,0.3448073168178724,0.34789573625491366,0.34641949454485027,0.06455071257573435
0.346503751335453,0.34083364770248437,0.34595905832711116,0.34084708495540095,0.058494786586478845
0.34099844359432313,0.3451389424507758,0.34612484100199653,0.3482548117624525,0.07025525481249066
0.34836179450994675,0.34307568077302886,0.3484869196334507,0.3457160490235878,0.058070339191665314
0.3458327824422251,0.3392874189807429,0.3329035546851005,0.329203092186098,0.07424304637594345
0.32930224836024014,0.323623917825123,0.3326882141999291,0.32906464056667273,0.0317985921191801
0.3291719392146338,0.3266643700808971,0.3343218225188754,0.33028389589972323,0.03792742844641536
0.33039901941824373,0.3262357687283067,0.3346868983879824,0.3301984831045701,0.04942779273809565
0.33027294278326214,0.3254064198421725,0.329853035472423,0.32708240870413297,0.06484900327949514
0.3271280424400327,0.32163667030180915,0.3252735398176353,0.31963769963491134,0.06419686286984522
0.3197606619423758,0.31483885747426615,0.3026526118243107,0.2995296089836537,0.08650152231104945
0.29967722508884903,0.29395572720770197,0.29386167575219874,0.2969212001820972,0.11275391663742758
0.29701851266129575,0.3001082883743845,0.3005132778508742,0.3035271422707521,0.08597617774137095
0.30355159573928503,0.3204137509397997,0.3062547566633862,0.3262540755906362,0.08340822854487945
0.3262369540045157,0.3549118450446122,0.3284474815768823,0.356430992879205,0.14092820398152212
0.35659576706313456,0.3835490456318802,0.3611157541278559,0.36457094529085354,0.1556188744264385
0.36504368433146694,0.36497014960232055,0.35935963772193474,0.35907873156302234,0.12437182240036994
0.3591441443164547,0.3642368365830835,0.3632895425789198,0.3691223720045453,0.09647809330033162
0.3692619609650683,0.4021132742618396,0.37431586038059395,0.404308385992643,0.14452944442947438
0.4047806393223152,0.4012112434266184,0.3997059490184365,0.3975112432899315,0.10176919298525991
0.39767668912635473,0.41163161915154595,0.40380582536522397,0.4134307739378186,0.10760005753782476
0.4135895955449039,0.4129026418881667,0.40886791969636843,0.4094028085384328,0.1275582816986859
0.40953441551935177,0.411617065673496,0.41183973638652027,0.4154658417438819,0.10284952642286656
0.4153279688299509,0.4169215948197963,0.40157475044536517,0.40257972608286685,0.09509891316149141
0.40261121671890976,0.4158499347961886,0.4079690059149125,0.4178127662434801,0.0689946981793518
0.417782824992342,0.4108715630483776,0.4057926510772445,0.40533757104723617,0.0740091360275134
0.4053627834720197,0.4021718014583027,0.40816340232549875,0.4053586706450887,0.03811549510018219
0.40548427971879086,0.4078050797183615,0.41192130028261603,0.4127727157383103,0.03952692188433522
0.41288407081150624,0.4057604157336999,0.3992593092532337,0.4000934225089927,0.05180896853184238
0.4001017727653781,0.3973436067941657,0.40033359278596964,0.4019964439306932,0.050654157578163085
0.4020928211367667,0.41424153338837466,0.4091213724975455,0.41802747204140817,0.058920993584761265
0.4181691720409507,0.4221210313359512,0.4160764276881331,0.41335489653784885,0.06390843926489993
0.41345096632704187,0.41453832750727587,0.41401564874373925,0.4199572157559933,0.05412384124657814
0.41999767461046716,0.41690877864538833,0.4247912276243234,0.4189563180743454,0.030973594000295073
0.4198420283807095,0.4127748219087378,0.4185522827923689,0.4158144488358742,0.03498591439404844
0.41568952960058553,0.41214289906926166,0.40937901411363964,0.4097438800597635,0.05570570391670669
0.4099334021202373,0.4115321941185276,0.41548958061799607,0.4153511851379689,0.04353355382507394
0.41549132634618935,0.4159869254604161,0.4179432527023896,0.4154980128340142,0.04857050082064837
0.4155729616196104,0.40780858280603305,0.41635734377584366,0.41351186827132325,0.03941137145753502
0.4135504883063226,0.40683463899218925,0.41719212739089373,0.4117566599664469,0.030931454387271257
0.41179231498869506,0.40753850329067554,0.4185416927602899,0.4120821676360649,0.0266904686769114
0.41226510961732565,0.4129770896212833,0.4177124254015038,0.41779908628443285,0.034674430416813645
0.4179596917548213,0.4310388102928996,0.4231615721307214,0.4373858893436907,0.0549247042301763
0.4375173116377121,0.44179474194421564,0.44460874698637887,0.44602350823161124,0.057314876626854146
0.4460949872454737,0.4411151714163294,0.4463648633923,0.44459885063210336,0.053128298580389366
0.4410656340210436,0.442243308048495,0.4486764107564804,0.4484572656916026,0.049811105164185784
0.44873671165093015,0.4490350260730973,0.4511816760612253,0.44974283404647536,0.06454852312234313
0.44994175960745203,0.4431458515306925,0.4542232571688333,0.44726166045724397,0.034005874974885913
0.44734763645162534,0.4424721194822588,0.4528933969287652,0.44721505585099824,0.036610518693897205
0.44736500134110657,0.4390258217035653,0.43956529583148485,0.4343002760385049,0.050906567725722926
0.43448065920320217,0.4412292353685604,0.43774501976046126,0.4484348038944381,0.055489236535123845
0.4485085039547759,0.4403652828115247,0.43042064088845644,0.42506482555044095,0.06999518172195182
0.42519786471922616,0.4209034093260303,0.4208656590757384,0.4165071416774618,0.06078847326560417
0.4166713850961456,0.41031061333473406,0.4078784154176575,0.402126722354247,0.05913343373008597
0.402075949073865,0.40334297195609153,0.4077606861195316,0.410148685119113,0.037382448886419846
0.410243187110215,0.4025861910974941,0.41124569163441316,0.40679329838424116,0.03641286316514684
0.4069122592280854,0.40491548807556316,0.40626967449994406,0.405813239453769,0.05042532354814757
0.4057714816555033,0.4106184293636262,0.40834007001942907,0.4174213802965011,0.05051104452846263
0.41742581562011893,0.4343106087369315,0.4101013781959516,0.41912943331881414,0.09074579301212513
0.41933172095243165,0.43249820231293007,0.4263878740764313,0.4347267893379527,0.07735175994991336
0.43495446847479075,0.428141756788557,0.4343431415725952,0.4327453689984073,0.049972786148592435
0.43281046992493294,0.4263870231493915,0.43673601684329855,0.43138351748206766,0.03036430994217831
0.4314590234844707,0.43367179364366265,0.4371283790067595,0.4316850272574248,0.041731821618974166
0.43118573665118226,0.4246004484369191,0.41548185195948717,0.4142156615881547,0.0531387556946029
0.41426604351010504,0.41805844645055934,0.4191569470752516,0.42295553237336064,0.04680566185942195
0.42307253559979563,0.42357384438645224,0.4229972053932728,0.4277897458676118,0.054470445467756576
0.4282795383112727,0.4249394789705915,0.4307852447784179,0.42543627121813077,0.04428616987680562
0.425610447535749,0.42954333362181374,0.43307295719574646,0.43562601478159696,0.05109000567930157
0.43581305934585285,0.4317483991492881,0.42738590347845934,0.4262808058085501,0.04532670466974688
0.42635470264034353,0.4220862567827242,0.42696905739682134,0.4196084057832525,0.03218422521513635
0.4196581460869206,0.41487918078575303,0.4098836778150523,0.4083200919491781,0.054470249532029266
0.408446080492799,0.4026030514869375,0.41087244462634825,0.4077933265769666,0.04023990518399254
0.4078459626678385,0.40991279928111035,0.40344263741269926,0.4072439834757344,0.058838589000269
0.40734797590405064,0.39969454886679046,0.4019044573772502,0.398029284789954,0.047636006437057864
0.3979462072857991,0.39143685985262816,0.3882601597511271,0.395123771623581,0.055013602175275324
0.39527610186731743,0.3910699185391339,0.40083282872720816,0.39481345102714255,0.02847389822486729
0.3949971330334642,0.39282695908969284,0.4000849482723382,0.39698830366897897,0.028518596376796036
0.3971108952231735,0.40005043978990623,0.40166690437353986,0.4008770059259451,0.04105092892495642
0.4006750750264486,0.39498987364355875,0.40337130956432327,0.3985614409934849,0.03626125697438992
0.3986558195808276,0.39741956398782363,0.39916045912093107,0.4039355201597131,0.043121737380790996
0.40409094301906245,0.39742830746680863,0.39636569360776536,0.3955276782110439,0.043358035523158124
0.3955578827116542,0.3925009440931414,0.40067179534247516,0.3963871680109301,0.03206349367795786
0.39647943942571007,0.39288793559948726,0.40283257486833896,0.39994053737345403,0.020056291707664212
0.3998870743154647,0.39450302989838093,0.40077315286398874,0.3943645338964584,0.024622328595226152
0.3944170471594745,0.39129232188569374,0.39839909776171545,0.39581063888938783,0.03148732647610719
0.3959913961629107,0.39696396322781374,0.4024233099517269,0.4013671947974837,0.039010740545301154
0.40146307573743245,0.39390058426004315,0.39170593199953224,0.3881467606457693,0.046424366765537906
0.3881766740799697,0.38466897991242466,0.38844387763354454,0.39024486639871353,0.03944930523948076
0.3903247312016595,0.3894103093944632,0.3952910560906702,0.39385205712553994,0.03620250534481449
0.39397605434012767,0.38900511892045797,0.3994775701093684,0.3960640369443669,0.02246995391625307
0.39621696578737414,0.4080282520353858,0.40222050641261,0.41412778524105454,0.04142703168217643
0.41409410501342175,0.4115073592205637,0.41371603048238503,0.4090859667750757,0.04323941979607608
0.40918903105644755,0.4058600686098188,0.414087950049103,0.40843993650566196,0.037739602194724914
0.40852713597024404,0.4027529152863481,0.4031826064021806,0.4012771447280773,0.04459302079440624
0.4013711780752362,0.3956723206905899,0.40024149785518814,0.3953460999410629,0.041808100933963824
0.3955252691880041,0.3950563183877672,0.3987753241381368,0.40172130865265177,0.042259558849213105
0.40187452795180206,0.39524867492543725,0.40456532830655384,0.3991324343688873,0.023876323526512873
0.39924437047606687,0.3965605670182257,0.40471969498585547,0.3997844351289021,0.026655298951831143
0.3999566208427861,0.39252082340366756,0.3817164638846101,0.37961832058355005,0.06128121114816957
0.37931031805575693,0.3952015398840034,0.3815608877587479,0.4015609459123796,0.06246760174052833
0.4016270420394457,0.3954692840075799,0.3923162895308585,0.3883126591321813,0.05563032184408474
0.3884467140557925,0.3876727779093919,0.39382172601308285,0.3907198681970725,0.03390369559292874
0.3907958734117585,0.38727578978700783,0.3952210556836412,0.390306716044067,0.03136988114345105
0.39043724061080265,0.3837871416719929,0.38257233906772836,0.38097081060249083,0.05660731673444337
0.38111997725605334,0.37901001234277476,0.38509686702135226,0.3822904339401613,0.030563691255924095
0.38231116808874877,0.377325511339365,0.3851906728765365,0.38173146849485345,0.03325708917798789
0.38184593979760506,0.3815314095350257,0.3859936863953497,0.3819722879434205,0.040282306437857705
0.3821029633537666,0.37665300394759693,0.37351511826141887,0.37018911898059015,0.04063061557282773
0.37024975936938237,0.372183747608046,0.3719295043218389,0.3768922989137441,0.04510878278892804
0.3769825821611042,0.3827974482038211,0.3786986587264607,0.3880376108030321,0.04649714539981056
0.38816507816044965,0.38726274576949926,0.3927316901763631,0.3907563577488532,0.03158279651397738
0.39086315873477345,0.38589978834179195,0.3950183111419175,0.3881674544821247,0.027238788888915125
0.3882654408438956,0.3904010281565876,0.3948210828564578,0.39580695805294924,0.03653122181028531
0.3957791908356941,0.41087930971379755,0.4001972498102899,0.417716542802724,0.06327164443564637
0.4175928258510062,0.4451230169968054,0.42458337980808813,0.4429404744102289,0.09499844385627754
0.4425973390304448,0.4416039233474746,0.445663826867629,0.4412337256212996,0.05883042704888859
0.44111969999580575,0.45463350129954155,0.4481718355511575,0.45285566235493524,0.06869590914817496
0.45317731105152936,0.4460973595360752,0.4548917861298525,0.4506776505700137,0.03459607306504485
0.45074921247343075,0.44955507795018557,0.4554626449064329,0.44966214547446787,0.036179268896496065
0.44978996902093477,0.44364585321492916,0.44984119629038155,0.44655879459526315,0.0469773683842866
0.44672934202281717,0.4490522282271916,0.4540838168300107,0.4527472660692642,0.04679398941999572
0.4529965596560108,0.4446264899198527,0.4493288629278532,0.4438152382321869,0.041501886506874634
0.4439369286431979,0.4459821848487288,0.4513735650826006,0.4491441039744454,0.03753952063428245
0.4492085786059991,0.452698828571688,0.4444724335093957,0.4496174827268157,0.07516879207516192
0.44966119633466484,0.443722550898664,0.45547656829122757,0.4512917416130078,0.02587371700287823
0.45137437748455456,0.445543131193899,0.45449718206545003,0.4517471799106106,0.02999613252954471
0.45192721294767213,0.454430436136144,0.4593679183517579,0.4596961345889511,0.04349749868226705
0.4598287594780194,0.45369527189171466,0.460468072241411,0.45407416413091956,0.03648518322559196
0.4542161025119328,0.4471644911780588,0.4539171196955307,0.45016526074798746,0.03554717249577201
0.4501851869479763,0.4556617287321,0.4488818691782912,0.44119004829442626,0.060186867294554934
0.44129210232926985,0.4407092689326349,0.4471458708834505,0.4476143831301361,0.03812052176365213
0.44780695082381383,0.43983133250530065,0.4517202927624232,0.4468765058475428,0.021379703653653544
0.4469859887115943,0.44060639777272015,0.4518023286376645,0.44507640293130163,0.022502186893420522
0.445216915229618,0.4493336144564157,0.4502890160034483,0.4486858543293265,0.042233328532842195
0.44885649749957207,0.44586646903401855,0.45591807528322215,0.4517498753262703,0.034607517767582543
0.45189352680146644,0.4483694678958971,0.4539657925449188,0.44834715941105063,0.04216907816878259
0.4484090689448916,0.46083049187083847,0.4545626101745062,0.4644389068315199,0.06747215699247135
0.4645466173143426,0.457443661141398,0.45000193468814853,0.447492741629879,0.059584759850450184
0.4475822508933144,0.44031754968195186,0.45448877493691936,0.44692496536348986,0.022810881440674467
0.44707298709779336,0.4407517901512818,0.45186392191616287,0.4462323594707945,0.02424948925373828
0.44636282399658767,0.4392766769573108,0.4457638864464922,0.4447002910063944,0.03770847125701001
0.4448405986513941,0.43777846616901794,0.44381018777075215,0.4404068996219351,0.03741995341964792
0.44061005933290026,0.43705702947139896,0.44740239154907385,0.4412581002940935,0.03454131020602767
0.44139974145221456,0.4372225290035873,0.4450436462703353,0.43944907062491473,0.04174039191652599
0.43976497770807904,0.4350420420505887,0.44648987886848585,0.441181237473345,0.031248039409242336
0.44130248067724026,0.43424903413899807,0.44543671640251464,0.4391491259296181,0.02241663036109577
0.4395423360532944,0.4391926882943572,0.4466058087461192,0.44378990712157823,0.026254209212181048
0.4438697592793781,0.43573317561582975,0.4344139089457358,0.43032143676324014,0.04385062099322331
0.430471312049553,0.424939108725553,0.43634922993349473,0.43107044350404133,0.02923637726100924
0.43116579166960783,0.42964022390033807,0.4371267270797499,0.4329636686838817,0.03844187989174741
0.4330662469197461,0.4279693365221883,0.4369068142966057,0.4308226101781662,0.030672448360891173
0.4309639936801604,0.42739403269320786,0.43730696411596875,0.4324335123048725,0.03194807278938833
0.43255634534865145,0.4255761010740172,0.4393960618090974,0.4329925357161085,0.018451743757107685
0.43311515271032186,0.42625162738686806,0.4363049523898999,0.43178151154485767,0.02471076439061221
0.4319458491757205,0.42693265041452055,0.4373935427904863,0.43111081677300916,0.03319694587648629
0.4312416869628664,0.4296428440959948,0.43022618548047703,0.43772351189229547,0.05204687806791208
0.43826637904890753,0.43419628846121233,0.4345983937942648,0.42995109244818547,0.054725980463351
0.43021663666709425,0.4252678863196991,0.434794412633164,0.43034760837980723,0.036398362775902963
0.4304032150121716,0.4241942326689612,0.43367446511809304,0.42879559963611796,0.03427927951054208
0.42893386705998937,0.4212834800981959,0.4347688667619094,0.42832126444593294,0.01878394606123397
0.42846353656425684,0.4221344455984982,0.43486004723309635,0.42831723581392533,0.020697089334634586
0.4283865396586438,0.4233514410398924,0.431239878690399,0.4303757798208961,0.03878553261128015
0.43048687957150866,0.4369493451259843,0.43712525214492,0.43905548197266536,0.0500471431103123
0.4391947773554802,0.43573377370396876,0.441097222143255,0.4360282983230713,0.05235212140988701
0.4361858101788243,0.4298299602423513,0.44075960956068144,0.43407096282667895,0.03379120619814234
0.43412162054506315,0.427339492751005,0.43923523491524064,0.43359793186987766,0.029032353490601265
0.43374884072229286,0.426571604541254,0.4408070434648123,0.43386874868627073,0.017632800598124495
0.4339982979409676,0.42622630832231545,0.4394208407142404,0.4318943712069975,0.020868304968785174
0.4320193093258799,0.4294171370244765,0.4372806807772992,0.43375713529158644,0.03991252517364803
0.43387146757121725,0.42619258754342865,0.43674825880238705,0.43022396705502847,0.03599899772711282
0.430324420739033,0.42302619501380545,0.43090214811303906,0.4232707510907291,0.042578273967726496
0.4233591287507333,0.41608475559173036,0.38117188844669925,0.3930397515911811,0.08865613444005926
0.39272772461399724,0.38782853714903026,0.3850958935643645,0.38391368280956706,0.0684413700551945
0.38399651903179044,0.3796809248328388,0.38711198198341107,0.3846059119237293,0.03027543844438494
0.38472424995106896,0.37984471554177274,0.39016143924301105,0.3859915874365453,0.025731176473805635
0.3860872633212525,0.37925443102892875,0.3877716908341472,0.3850204552590108,0.03808287591883991
0.3852272229602504,0.3780194359825882,0.3828576799599288,0.38364805394374485,0.0413090449234245
0.3838873144597105,0.3875179870029311,0.3871510972551011,0.38958353312426397,0.0483794539384813
0.38969150702646926,0.3841351435277509,0.3888113723957727,0.3855877967809387,0.03665814665566623
0.3857160199578186,0.37966130184580077,0.3868764348910695,0.3838856562832986,0.035331829648952866
0.3839876481533576,0.3776093468819204,0.3898527943804976,0.38330388124525727,0.017178219533030045
0.3834088958101127,0.37845492958897137,0.38956913491400325,0.38450928272147605,0.019682625216861763
0.3846166977975206,0.37893912465810486,0.3882929328030484,0.38475349317684077,0.03133356247355887
0.3848077405716132,0.4065101049757916,0.3887766819285725,0.4088115560711363,0.08366283213201671
0.40890643849774433,0.40171004893457696,0.40624486609610444,0.40242878280592176,0.04655130587457021
0.40261081086172656,0.39727593739329153,0.3863646915024731,0.3821614017840631,0.05748509905383908
0.38230725446591074,0.37787888526991403,0.3804695539793779,0.3802211952194439,0.04899945387954734
0.3803315127082887,0.37561016607621334,0.3863671693929874,0.38123136744959846,0.028762293721358547
0.3813491706053668,0.37731426158627357,0.3873328387248465,0.3827266855155411,0.025520168184241583
0.38281411210813143,0.37723226655045006,0.3849162170033811,0.38039468724244574,0.03041559974454963
0.38054000734125887,0.373978296829039,0.3839037332400197,0.3799133961408807,0.03159551353079913
0.3800795043873195,0.37535834248929034,0.3811001181178743,0.3795165034307259,0.036319572431421705
0.3795508174266024,0.3820119021537746,0.3841788085858037,0.3867426229848323,0.03157718408343226
0.3869261411291305,0.3820804829270511,0.3852251568528606,0.38177827598184777,0.030805161245559112
0.38188281482167874,0.3749057321699756,0.3872341065873302,0.38163023100131094,0.015601116765318038
0.3817311981739543,0.37572457179309526,0.3846630296904734,0.38068866144714125,0.022491431755512173
0.3807887398149636,0.3743511905435361,0.3739401944794079,0.37075269271718725,0.04158310808019143
0.370828395753432,0.38263362901449954,0.37700286715508413,0.38070523970259684,0.05314354067950509
0.3808754193133758,0.38152793492774173,0.3867905051878771,0.38656646452913485,0.037229561884733156
0.3866748285633326,0.38733898776703296,0.3926857607057587,0.39118666781659595,0.039336006449437265
0.3912099057182213,0.3882995742791049,0.3937316664923666,0.39221086780136677,0.032692486190179816
0.39228423867195356,0.3870494846273505,0.3972536043753899,0.391611181291522,0.02107383785117505
0.3917161835644659,0.38505508852675574,0.3968183806057709,0.39110525467048635,0.019284981226059917
0.3911976720231276,0.39667306454914014,0.3963719473314443,0.3943712869270898,0.044476108205994964
0.3945797089205418,0.3977525566793305,0.4003907907586748,0.4011504022261416,0.039325553540806926
0.4012497108182638,0.3961593637984807,0.4031467949845096,0.3999764762489172,0.0378251805499234
0.4000565196894512,0.392855581879204,0.3959760158256949,0.3916015589474464,0.03808255057025161
0.3916587257832442,0.38663110773389886,0.3975804794324015,0.3917786738409586,0.030125288003711587
0.39187394604953596,0.3852911339789632,0.39795785625799024,0.39177603639122704,0.021081442331988845
0.39188606378543445,0.3864850033456479,0.39343488010588584,0.38698941292400046,0.023327176413084637
0.3870532903866677,0.38218987609572014,0.39026949296865254,0.38760753259900205,0.03416870706103299
0.3876615833348898,0.381728750140521,0.3914663435857566,0.3864021311227833,0.028434938329061965
0.38639609164786975,0.3879692017832547,0.3917797672371191,0.38841236052862743,0.0333724606338591
0.3885678044453804,0.3944094433448151,0.39503993368652446,0.3983373157322298,0.04009860628212343
0.39849805709575753,0.3939200363647557,0.40099731345944317,0.39670757467886947,0.029605826301242928
0.39681856209207345,0.3919639748658346,0.40352266737657183,0.3975414725214702,0.01517331740388191
0.3976454091334494,0.40589621022164935,0.4046724085752076,0.41261571502187183,0.027062765016634443
0.4126277430105159,0.41241756392701845,0.4104523536880844,0.40589404395763284,0.056379679950761596
0.405673206237571,0.4003543824860884,0.40846195863377543,0.4043981462324086,0.03248755917390564
0.40449798878401444,0.40267972069028474,0.4089468287097703,0.4098800130420621,0.03173403357078228
0.40998346750276504,0.4065469016365363,0.41087244462634825,0.40418941092508165,0.033825138304999836
0.4042463863202285,0.4088898692006405,0.4084551739335577,0.41206440107908193,0.038427168738961244
0.4121821987927574,0.4056170169822684,0.41834590991096354,0.41239445907406097,0.018654809477999704
0.4125517317580621,0.4066972211221481,0.4163860755063309,0.4118936334547039,0.02254078821482078
0.4119995050807193,0.40505384579839415,0.40976931136833866,0.40667893160796903,0.03419673092186666
0.4068747174386393,0.4010638859013142,0.4097555944744202,0.40382002304784176,0.028400326370876673
0.40394883502534445,0.39753895377253085,0.398570750677224,0.3961377406220304,0.03887081426771348
0.3962486516374626,0.38947985850091715,0.39852877403196385,0.394408645967793,0.026746468293659387
0.39446137256183983,0.39197713280489344,0.40046203011096093,0.39597532009130837,0.04319384183671426
0.3961434186678183,0.3901733844187143,0.4023992390153023,0.39596540791759194,0.01533556852119371
0.39602183545165076,0.39484208891244094,0.40244920980734067,0.40038670112255026,0.02020813326291548
0.400543200431707,0.42632408149285456,0.40717018121101634,0.42056536529135036,0.07929052101187983
0.42072149190690766,0.41422999883140743,0.4219671109080419,0.4190262539666781,0.042359605308111364
0.4191100649508062,0.41817088702069866,0.4229347271538765,0.41772920835802835,0.03623814840600311
0.41790608961683995,0.4182214112282537,0.42299115816047,0.4235382638492167,0.04115016018170155
0.4238490853402535,0.43588907725740594,0.42939016292016974,0.43783060394458273,0.06134626828327074
0.43795815950806505,0.4385633571701502,0.44268233460499273,0.4413247031455566,0.0328674658269823
0.4414502706715231,0.4372794328179588,0.4462853939036628,0.4424448367414427,0.029748533087618385
0.44474583099911663,0.4981008384216474,0.45198713797185613,0.48833289716614064,0.10929290008615564
0.48833341399518365,0.5094747090421411,0.49401870980504864,0.5004312558633753,0.12801694095141963
0.5007826192530987,0.5092315434930403,0.506529520014362,0.5093540091519461,0.07194055624868667
0.5095138248353055,0.5048445954735763,0.5073332415018935,0.5042170685978463,0.0553372710348396
0.5043516693425723,0.4961727161829357,0.5021159840266393,0.5005540276992316,0.04676323089863922
0.5006591227102104,0.49852303168703377,0.5090320714390197,0.5032217356453023,0.02893309097976264
0.5033552899578133,0.5035373456839622,0.5101310158821123,0.5098831801101764,0.03178238259631489
0.5099213054472396,0.5050053387810399,0.5125989948343562,0.5093472271383506,0.04894816084890655
0.5094513228290926,0.5031872647599114,0.5121811752957305,0.51180191029841,0.044883363532899775
0.5117845377957185,0.5149793413915313,0.5135009469815619,0.5232203286582537,0.06393955959462959
0.5234257973610753,0.5206942159619876,0.516988046903902,0.5158153552327901,0.05981343383181173
0.5160176861961043,0.5064422312948875,0.5129383478400291,0.5127596813295022,0.04887292873837726
0.5129578709123531,0.5110145296766785,0.5202370333472963,0.5179515156175755,0.02722624945540786
0.5182075755974627,0.5122439140866671,0.5198979753285895,0.5174641960594812,0.03535091683641585
0.5175363457960455,0.5114519314690291,0.5224824741323988,0.517286356591867,0.036150696876644475
0.5175809321066001,0.5202942943596834,0.5191665846451182,0.5233139436322423,0.0536491750541493
0.5230977487978535,0.5217816541203109,0.5282585549160211,0.526455638972929,0.049263108320499134
0.5262764222566851,0.5499516624298266,0.5349689774157147,0.541856548461512,0.1075807492466695
0.5421376688537726,0.5436455919741241,0.5466083961274988,0.5510694212205551,0.06469460751914112
0.5511594101995537,0.5423812336481955,0.552814567907532,0.5484589256455846,0.03965773076529688
0.5485459218581287,0.5397651961280385,0.5528968692710428,0.547219382237676,0.0328804843379598
0.5476006224988554,0.5423524114959712,0.5471649775349253,0.5390256664276531,0.05428450020018801
0.5390138440942707,0.5328483922412143,0.5252484489176841,0.5247099950462001,0.06796031238497602
0.5250070749264246,0.5505150614568015,0.5318226464364842,0.5594775529988651,0.07795688710247299
0.5596184595506254,0.5500736724101907,0.5342647255331144,0.5338677422075571,0.07408627943313609
0.5341607778363439,0.5321358129441306,0.53963791311859,0.5404254276610135,0.0639360162625747
0.5409965723934036,0.5341014153728887,0.5446533995091084,0.540262485436938,0.03385012404797959
0.5404087172533355,0.5438724097807577,0.547391409530018,0.5521464281658854,0.03678481144157347
0.5521094059062325,0.5474809318470687,0.5544587662585572,0.553488049573295,0.059500153569076904
0.5535207452710158,0.5456482758675026,0.5383175514588268,0.5288081861675593,0.07170647322630516
0.5281009242339672,0.548941463082602,0.5361601937817684,0.5528259627417793,0.06949849675994824
0.5527975077705513,0.5458345945630071,0.5550830176759816,0.5507081195902944,0.04048595733316819
0.5509552640364036,0.557083436282054,0.5601840502866364,0.5570988052047037,0.06529778578849528
0.5572648937452418,0.5494583821170573,0.5655580048382236,0.5582341838396975,0.025910656702919803
0.5583842478565106,0.5484066014039757,0.5586910032569836,0.5535201626974992,0.039146347594927466
0.553298567453012,0.5446015077026339,0.552459049616123,0.5501820208262568,0.05412839479333667
0.550237998434492,0.5564001348233957,0.5545880295470532,0.5587430667230696,0.061802191636031324
0.5588188049405238,0.5563656165936569,0.5654857330315566,0.5591497556750846,0.05904522569153362
0.5593384760738142,0.553094017512338,0.5642549294146673,0.5569869889292708,0.05160121799073069
0.5572143355361344,0.564939751194146,0.5657383598692288,0.5714701818431245,0.06697838406915467
0.5716306725814281,0.5755091647872446,0.581192609022566,0.5831573302459473,0.04424444769355702
0.5832515233284297,0.5821682781273056,0.5909428722067682,0.5906075170953806,0.04491591837109873
0.5907682302797057,0.6147756447422902,0.6012201591044051,0.6203114034271481,0.11354566078834692
0.6205671343642998,0.6444778409424738,0.6230070114513979,0.6514820596052363,0.10344777264012596
0.6516443146371846,0.6423941588268368,0.6540735637744487,0.6465227266550382,0.0852053633248297
0.6470298344233826,0.6391397618996122,0.645050325466621,0.6397889407118125,0.07872602726950875
0.6399647305578141,0.648806518088963,0.6487453322025896,0.6527575418886081,0.0695665064737347
0.6531285343561514,0.643786564975295,0.6563317479964818,0.6462191011233029,0.04947058162933913
0.6464249912612176,0.6390236188790883,0.6558135148946337,0.647016190601518,0.03702556359856369
0.647369536885722,0.6357244507825984,0.6050858452988944,0.6093857534226463,0.11575827113209032
0.6094716947307509,0.6100591786386032,0.6116253523504944,0.6124484412032424,0.07058770938892338
0.6128815328452143,0.630203812455392,0.6117658841410911,0.6338247104309228,0.0763386578883271
0.6338958901178094,0.6296362552918315,0.6282318795903747,0.6358017543428917,0.07286433758439244
0.6360330760649492,0.6252174092382853,0.6271124040544493,0.6195643965108687,0.055942029013556854
0.6198469118029104,0.6190510066032422,0.6275676869377557,0.6241699054355396,0.040975415906544105
0.6242755094268064,0.6145969587906553,0.6207927802872971,0.6111788134786154,0.047505960838102414
0.6110965149738979,0.6198581407870691,0.6095515939795971,0.6298596090806334,0.07185600009239432
0.6302928060045446,0.6291031024364595,0.6291266930530034,0.6246211701863145,0.06600453876739894
0.62464941985173,0.6425373012547801,0.6351299727978299,0.6451249362632354,0.07939033703844126
0.6452337424489245,0.6420281288857449,0.6518377985618307,0.648343610356527,0.06395806348821943
0.6485119668768357,0.6438842527046713,0.6535281328743364,0.6502541673488891,0.05989989524265795
0.6506376148840529,0.6387476439235031,0.6521595703443306,0.6464203008599683,0.03847106225968106
0.6464247593428272,0.6377243435979948,0.6436346830168435,0.6356851848613492,0.053637254379890476
0.6357707183858085,0.6350933253939743,0.6433152711300715,0.6445445813904341,0.060148617746254136
0.6445171726021841,0.6327322443033735,0.6268634940525485,0.628329134679258,0.08553898744089498
0.6284665066597369,0.6338985731352749,0.6342806463253566,0.6420176726838794,0.07195942730450525
0.6425631442038633,0.6356720468694635,0.6365607775776593,0.6299236614312572,0.06549477345581899
0.6298940223322507,0.625749650721255,0.6230510235067234,0.6220817988052041,0.07406529622003791
0.6221328733974922,0.6178724881654594,0.6250471413081725,0.6229350572678124,0.04561180454759191
0.6230285422212196,0.6219089565354466,0.6317232273250251,0.6245419307625111,0.04670472297064243
0.624930446961298,0.6410769409015722,0.6349964616970236,0.6527683815171753,0.052487341822243204
0.6532342311625764,0.666220167541349,0.6646287873914396,0.6645008592758241,0.11206158202464908
0.6647293821419809,0.660438933667847,0.6138300259368972,0.6331930557116944,0.13202684334853823
0.633473682688085,0.6497471683297336,0.6419470035870316,0.6529552057036554,0.0867392318995618
0.6533209106609887,0.6436703080332208,0.6436014674844732,0.6526995179945136,0.09211855499507583
0.6531127059260065,0.6418380507790807,0.6540293747269437,0.6501249612950063,0.04583569635632133
0.6504337586188907,0.6457451042679349,0.6568548188845721,0.6494409053767155,0.055061966285060916
0.6496952145046598,0.6854434608201418,0.6505393839323368,0.6943654271604687,0.12178034706894947
0.6948014281108692,0.695296478744222,0.6807556068272299,0.6820373494899108,0.11344639410896616
0.6819460757717649,0.6917023677540232,0.6692534750494167,0.6892796125550116,0.14277527164211573
0.6898800618869695,0.7109818813178858,0.6873093912479836,0.6854333993233913,0.1305777162920323
0.6854082114832637,0.6749464443722546,0.6302961983783604,0.633267136167891,0.12345148764836056
0.632636979115117,0.6273585647760452,0.638759728416922,0.6331070922402238,0.05868425732662032
0.6332724934844124,0.6248933024277012,0.6275903419367435,0.6175835268476408,0.04990715122733649
0.616541784841713,0.6285989426156371,0.6273004287465703,0.6282039862403469,0.06358039980714443
0.6281825225906913,0.6321941358605637,0.6330484267710306,0.6377452939483804,0.06854575801796832
0.6375745216467472,0.6267057373320903,0.634608789826322,0.6316271641282093,0.05939479609400856
0.6317889695206169,0.6221336667933999,0.6110757326354651,0.6096562224434704,0.07183809283885081
0.6100613472383446,0.6113111195155498,0.6060355263371969,0.6149441642404435,0.07335976718266372
0.6151988614020978,0.6075742648228337,0.6233948013168861,0.6156442767208364,0.032997234589720294
0.6158949644508854,0.6072457720325634,0.6241527408272962,0.6138665196699034,0.026607234846011584
0.6141459519096788,0.6042687171195275,0.5932378708021566,0.5836178695452288,0.0892768766152704
0.5839418284174572,0.582047920009421,0.5792186152435659,0.5886362697762284,0.08330997724315402
0.5892685879877774,0.5872454198592209,0.5941241296427717,0.5920719103386465,0.06369239374662036
0.5922068200553611,0.5839017084365664,0.5946809470397711,0.5899459519572183,0.05267198735375765
0.5901476166669936,0.6124080701233227,0.5989102931659308,0.61788923915279,0.07292015477684637
0.6180343536227341,0.6122075112340316,0.6231600506893527,0.6223882646674194,0.032530662831395975
0.6226430358767762,0.6209791858027289,0.6271719324241858,0.6211349253686071,0.04801960276280768
0.6212298411648697,0.6283969027461922,0.6290058073943414,0.6397233812470563,0.05887406734563207
0.6400699635274585,0.6361702258088956,0.642493673432401,0.6347427748012211,0.06791874368271929
0.6348159683521265,0.6343979482509849,0.6362646696612003,0.6292521841193786,0.07028599202100011
0.6292278367558247,0.6274826253443145,0.6299249867803608,0.6365704405163054,0.06102665692249785
0.6367661700970056,0.6300974666881933,0.6405750192082204,0.6382040363038888,0.052991284079352
0.6383591595410703,0.6291854107565463,0.6452037776863281,0.635331013040253,0.031807802012992444
0.6355386840362126,0.6253606086270038,0.637410812018851,0.6292666756014201,0.0421592929876613
0.6293444917061963,0.6311438930884111,0.6357492094368324,0.6303808966726332,0.053309393360242804
0.6305284930687893,0.6289551183426287,0.6397395571231485,0.6367024869006682,0.04784723379875538
0.6369499074418006,0.6435050078637454,0.6434691363315309,0.6550074893903841,0.06017936866564862
0.6553862019071043,0.6614975496739461,0.6669724588362161,0.6695996002832623,0.07450552340461608
0.6697133083516912,0.6990702440192331,0.680998912076777,0.6969874579551443,0.11200885924958716
0.6972636476821555,0.6989780245242708,0.7058362836364473,0.7062483265027092,0.0467080930218426
0.7063985072228547,0.7046615706683964,0.7165911544320192,0.7140039358276509,0.05502006224453116
0.7142268545112317,0.7301003667704089,0.7185297497751006,0.738701015114052,0.09831853189047995
0.738642816795431,0.7312365063914825,0.7285090408396961,0.7354989772421442,0.10139882428712806
0.7355567947335645,0.7554860184692096,0.741956080681663,0.7664277995679224,0.11140719075610438
0.7667761989593627,0.76713256032033,0.7732924280838065,0.7680877118868934,0.10986500819645004
0.7682744497409485,0.7630190240215695,0.7773663750762836,0.771376814582907,0.08027835084080287
0.7715984780509637,0.7579728689513341,0.762690478531403,0.7639986214162562,0.05699527271418047
0.7641814380279623,0.7603796325836024,0.7712093481247839,0.7708180230353836,0.05011785148357581
0.7711997523582674,0.762222199738044,0.7784304520599963,0.7657221803243538,0.060850656591225495
0.7658996054232456,0.7689550772819199,0.7645428196856295,0.7732268551462634,0.09501838127532433
0.7732587818078421,0.7605524515753972,0.7627220421367638,0.766613058674342,0.08154441294419736
0.7670412816795906,0.7553145665360184,0.7665663712749156,0.7586858122360998,0.07239525673125875
0.7585699406538278,0.747853274599568,0.761060970531284,0.7501825583696689,0.06103555956939534
0.7504429984378098,0.7505693352408823,0.7614184357366686,0.7626349729561435,0.04321881612831269
0.7627453413750038,0.7544456868719325,0.7723038087659935,0.7650409647365431,0.043900261263862955
0.7651992118842357,0.7980187431927104,0.7666379351128644,0.806430144561432,0.09707174769318713
0.8065931078153016,0.8359269365036107,0.8203026129367688,0.8444627493499217,0.1417558415056105
